timestamp,total,total_tcp,total_http,total_udp,size,size_tcp,size_http,size_udp
datetime,float,float,float,float,float,float,float,float
T,,,,,,,,
2012-03-16 12:30:00,17312.0,16891.0,422.0,173.0,2558408.0,2528168.0,76414.0,12279.0
2012-03-16 12:30:10,17458.0,17082.0,2.0,126.0,2729759.0,2703104.0,760.0,8614.0
2012-03-16 12:30:20,17871.0,17476.0,1.0,145.0,2817067.0,2785526.0,256.0,13138.0
2012-03-16 12:30:30,17881.0,17640.0,1.0,50.0,2834084.0,2815202.0,202.0,4583.0
2012-03-16 12:30:40,17314.0,17116.0,0.0,25.0,2748035.0,2731118.0,0.0,4679.0
2012-03-16 12:30:50,13206.0,13013.0,7.0,13.0,1945740.0,1931034.0,2848.0,1702.0
2012-03-16 12:31:00,5690.0,5490.0,0.0,24.0,678539.0,663491.0,0.0,2586.0
2012-03-16 12:31:10,5779.0,5587.0,0.0,17.0,692695.0,678286.0,0.0,1934.0
2012-03-16 12:31:20,5749.0,5542.0,0.0,25.0,685459.0,668174.0,0.0,4167.0
2012-03-16 12:31:30,5719.0,5522.0,0.0,21.0,688143.0,672164.0,0.0,2758.0
2012-03-16 12:31:40,3546.0,3365.0,0.0,11.0,423069.0,409761.0,0.0,1222.0
2012-03-16 12:31:50,2989.0,2799.0,0.0,12.0,366774.0,351905.0,0.0,1961.0
2012-03-16 12:32:00,2910.0,2672.0,0.0,67.0,350094.0,327951.0,0.0,10045.0
2012-03-16 12:32:10,2966.0,2756.0,0.0,37.0,369013.0,351163.0,0.0,5601.0
2012-03-16 12:32:20,2894.0,2680.0,0.0,44.0,346633.0,329245.0,0.0,5234.0
2012-03-16 12:32:30,3825.0,3639.0,0.0,19.0,320600.0,305912.0,0.0,2157.0
2012-03-16 12:32:40,241.0,21.0,0.0,51.0,18261.0,1534.0,0.0,4809.0
2012-03-16 12:32:50,214.0,23.0,0.0,20.0,20916.0,6394.0,0.0,2202.0
2012-03-16 12:33:00,199.0,0.0,0.0,35.0,17192.0,0.0,0.0,5576.0
2012-03-16 12:33:10,199.0,12.0,0.0,14.0,19871.0,5648.0,0.0,1880.0
2012-03-16 12:33:20,187.0,6.0,0.0,11.0,13836.0,416.0,0.0,1204.0
2012-03-16 12:33:30,227.0,14.0,0.0,40.0,23588.0,5788.0,0.0,4811.0
2012-03-16 12:33:40,273.0,33.0,0.0,70.0,21874.0,2302.0,0.0,7540.0
2012-03-16 12:33:50,279.0,52.0,0.0,46.0,25496.0,8368.0,0.0,4188.0
2012-03-16 12:34:00,228.0,12.0,0.0,41.0,17276.0,812.0,0.0,3844.0
2012-03-16 12:34:10,287.0,50.0,0.0,59.0,28140.0,8276.0,0.0,7247.0
2012-03-16 12:34:20,235.0,29.0,0.0,30.0,18788.0,1974.0,0.0,4342.0
2012-03-16 12:34:30,257.0,43.0,0.0,35.0,27098.0,7794.0,0.0,5613.0
2012-03-16 12:34:40,231.0,35.0,0.0,16.0,17311.0,2390.0,0.0,2099.0
2012-03-16 12:34:50,224.0,33.0,0.0,11.0,21627.0,7094.0,0.0,1749.0
2012-03-16 12:35:00,252.0,47.0,0.0,26.0,18916.0,3238.0,0.0,2756.0
2012-03-16 12:35:10,245.0,50.0,0.0,21.0,33764.0,18764.0,0.0,2661.0
2012-03-16 12:35:20,254.0,38.0,0.0,29.0,21001.0,2648.0,0.0,5143.0
2012-03-16 12:35:30,274.0,50.0,0.0,51.0,26414.0,8232.0,0.0,4979.0
2012-03-16 12:35:40,237.0,16.0,0.0,46.0,17604.0,1092.0,0.0,4074.0
2012-03-16 12:35:50,261.0,61.0,0.0,21.0,23812.0,9038.0,0.0,2104.0
2012-03-16 12:36:00,216.0,21.0,0.0,23.0,17542.0,1402.0,0.0,3764.0
2012-03-16 12:36:10,245.0,45.0,0.0,28.0,24707.0,7958.0,0.0,4460.0
2012-03-16 12:36:20,244.0,40.0,0.0,15.0,17268.0,2716.0,0.0,1296.0
2012-03-16 12:36:30,232.0,23.0,0.0,25.0,23573.0,6394.0,0.0,3168.0
2012-03-16 12:36:40,259.0,59.0,0.0,28.0,19170.0,4078.0,0.0,2946.0
2012-03-16 12:36:50,230.0,28.0,0.0,29.0,23377.0,6708.0,0.0,4403.0
2012-03-16 12:37:00,258.0,32.0,0.0,46.0,20910.0,2240.0,0.0,5690.0
2012-03-16 12:37:10,254.0,54.0,0.0,27.0,23747.0,8500.0,0.0,2850.0
2012-03-16 12:37:20,229.0,13.0,0.0,39.0,19454.0,890.0,0.0,6050.0
2012-03-16 12:37:30,295.0,63.0,0.0,41.0,29361.0,9178.0,0.0,5740.0
2012-03-16 12:37:40,275.0,27.0,0.0,71.0,21232.0,1814.0,0.0,6906.0
2012-03-16 12:37:50,265.0,38.0,0.0,55.0,24397.0,7464.0,0.0,4719.0
2012-03-16 12:38:00,303.0,54.0,0.0,57.0,23342.0,3704.0,0.0,5984.0
2012-03-16 12:38:10,367.0,133.0,0.0,57.0,48260.0,29026.0,0.0,6503.0
2012-03-16 12:38:20,328.0,58.0,0.0,87.0,29544.0,4004.0,0.0,12512.0
2012-03-16 12:38:30,284.0,50.0,0.0,51.0,27724.0,8224.0,0.0,5641.0
2012-03-16 12:38:40,283.0,38.0,0.0,55.0,23451.0,2752.0,0.0,7183.0
2012-03-16 12:38:50,294.0,61.0,0.0,55.0,28382.0,8994.0,0.0,6804.0
2012-03-16 12:39:00,254.0,28.0,0.0,47.0,19750.0,1904.0,0.0,5080.0
2012-03-16 12:39:10,277.0,55.0,0.0,40.0,27178.0,8630.0,0.0,5229.0
2012-03-16 12:39:20,255.0,38.0,0.0,38.0,19199.0,2592.0,0.0,3875.0
2012-03-16 12:39:30,265.0,44.0,0.0,39.0,27049.0,7856.0,0.0,5594.0
2012-03-16 12:39:40,278.0,39.0,0.0,55.0,21803.0,2654.0,0.0,5879.0
2012-03-16 12:39:50,264.0,33.0,0.0,57.0,27367.0,7086.0,0.0,8025.0
2012-03-16 12:40:00,222.0,46.0,0.0,11.0,15890.0,3188.0,0.0,1024.0
2012-03-16 12:40:10,266.0,39.0,0.0,49.0,25180.0,7486.0,0.0,4861.0
2012-03-16 12:40:20,262.0,50.0,0.0,40.0,20028.0,3608.0,0.0,4226.0
2012-03-16 12:40:30,262.0,53.0,0.0,25.0,24838.0,8470.0,0.0,2499.0
2012-03-16 12:40:40,274.0,20.0,0.0,71.0,23374.0,1384.0,0.0,8786.0
2012-03-16 12:40:50,258.0,66.0,0.0,12.0,24270.0,9404.0,0.0,2156.0
2012-03-16 12:41:00,208.0,22.0,0.0,19.0,15266.0,1476.0,0.0,1964.0
2012-03-16 12:41:10,235.0,21.0,0.0,39.0,23245.0,6274.0,0.0,4236.0
2012-03-16 12:41:20,213.0,13.0,0.0,26.0,15856.0,966.0,0.0,2620.0
2012-03-16 12:41:30,281.0,25.0,0.0,74.0,30943.0,6614.0,0.0,10640.0
2012-03-16 12:41:40,205.0,15.0,0.0,23.0,15682.0,1038.0,0.0,2586.0
2012-03-16 12:41:50,277.0,15.0,0.0,85.0,27140.0,5890.0,0.0,8768.0
2012-03-16 12:42:00,245.0,21.0,0.0,34.0,20513.0,3142.0,0.0,3917.0
2012-03-16 12:42:10,224.0,37.0,0.0,14.0,28008.0,12616.0,0.0,2835.0
2012-03-16 12:42:20,215.0,11.0,0.0,35.0,16515.0,798.0,0.0,3713.0
2012-03-16 12:42:30,293.0,25.0,8.0,90.0,30805.0,7381.0,1401.0,10101.0
2012-03-16 12:42:40,2551.0,1040.0,0.0,69.0,167445.0,66698.0,0.0,7091.0
2012-03-16 12:42:50,94536.0,94064.0,0.0,296.0,6068803.0,6025242.0,0.0,31099.0
2012-03-16 12:43:00,92517.0,92140.0,0.0,203.0,5931416.0,5897140.0,0.0,21964.0
2012-03-16 12:43:10,96242.0,96032.0,0.0,33.0,6166864.0,6151308.0,0.0,2785.0
2012-03-16 12:43:20,95118.0,94762.0,2.0,185.0,6098297.0,6065712.0,744.0,20537.0
2012-03-16 12:43:30,97083.0,96870.0,0.0,30.0,6221630.0,6204780.0,0.0,3047.0
2012-03-16 12:43:40,95896.0,95461.0,0.0,252.0,6151320.0,6110214.0,0.0,27900.0
2012-03-16 12:43:50,97039.0,96786.0,0.0,78.0,6222861.0,6199466.0,0.0,11025.0
2012-03-16 12:44:00,97126.0,96924.0,0.0,21.0,6218738.0,6203350.0,0.0,2494.0
2012-03-16 12:44:10,97216.0,96913.0,0.0,118.0,6237343.0,6210940.0,0.0,13108.0
2012-03-16 12:44:20,58949.0,58727.0,0.0,48.0,3779966.0,3761786.0,0.0,5792.0
2012-03-16 12:44:30,1089.0,869.0,7.0,34.0,97369.0,78387.0,3547.0,4779.0
2012-03-16 12:44:40,914.0,672.0,0.0,44.0,71841.0,52810.0,0.0,4831.0
2012-03-16 12:44:50,1193.0,995.0,0.0,19.0,95374.0,80480.0,0.0,1828.0
2012-03-16 12:45:00,771.0,556.0,0.0,34.0,60529.0,44068.0,0.0,3561.0
2012-03-16 12:45:10,783.0,510.0,0.0,75.0,69545.0,46889.0,0.0,7903.0
2012-03-16 12:45:20,490.0,280.0,0.0,30.0,41345.0,24078.0,0.0,4245.0
2012-03-16 12:45:30,808.0,595.0,0.0,37.0,372792.0,354423.0,0.0,5196.0
2012-03-16 12:45:40,1306.0,1077.0,0.0,52.0,468026.0,449496.0,0.0,6054.0
2012-03-16 12:45:50,1545.0,1332.0,0.0,22.0,1065430.0,1048738.0,0.0,2472.0
2012-03-16 12:46:00,821.0,592.0,0.0,57.0,147816.0,127635.0,0.0,8065.0
2012-03-16 12:46:10,738.0,527.0,0.0,33.0,66249.0,50211.0,0.0,3309.0
2012-03-16 12:46:20,8697.0,8472.0,0.0,39.0,742104.0,724684.0,0.0,4080.0
2012-03-16 12:46:30,10717.0,10445.0,0.0,59.0,775942.0,746009.0,0.0,9656.0
2012-03-16 12:46:40,13217.0,12877.0,79.0,113.0,1112778.0,1076234.0,22858.0,16434.0
2012-03-16 12:46:50,13728.0,13429.0,156.0,92.0,1156290.0,1128194.0,56178.0,12945.0
2012-03-16 12:47:00,13955.0,13643.0,249.0,112.0,1172717.0,1143664.0,74128.0,14850.0
2012-03-16 12:47:10,13139.0,12797.0,252.0,171.0,1427553.0,1395524.0,94295.0,19822.0
2012-03-16 12:47:20,15532.0,15262.0,298.0,89.0,1404701.0,1381019.0,84639.0,10704.0
2012-03-16 12:47:30,16834.0,16581.0,572.0,59.0,1635355.0,1613937.0,187380.0,6339.0
2012-03-16 12:47:40,15811.0,15336.0,397.0,213.0,1395056.0,1345860.0,85261.0,29307.0
2012-03-16 12:47:50,17203.0,16900.0,409.0,100.0,3875372.0,3842547.0,130307.0,17589.0
2012-03-16 12:48:00,12097.0,11788.0,343.0,99.0,1135782.0,1105901.0,91204.0,13951.0
2012-03-16 12:48:10,13822.0,13399.0,251.0,222.0,1106721.0,1065890.0,30081.0,25922.0
2012-03-16 12:48:20,13468.0,13228.0,248.0,46.0,1127507.0,1105798.0,29845.0,7155.0
2012-03-16 12:48:30,13215.0,12925.0,243.0,93.0,1038061.0,1011750.0,27337.0,10980.0
2012-03-16 12:48:40,11137.0,10907.0,246.0,26.0,892603.0,874160.0,28769.0,3399.0
2012-03-16 12:48:50,13103.0,12873.0,245.0,38.0,1025691.0,1006671.0,27278.0,4628.0
2012-03-16 12:49:00,13796.0,12960.0,241.0,638.0,1100667.0,1017545.0,26748.0,68596.0
2012-03-16 12:49:10,13116.0,12819.0,239.0,86.0,1029269.0,1002770.0,26039.0,10674.0
2012-03-16 12:49:20,12097.0,11839.0,246.0,44.0,911497.0,890457.0,33078.0,4582.0
2012-03-16 12:49:30,37133.0,35800.0,270.0,89.0,2815915.0,2723086.0,57800.0,9834.0
2012-03-16 12:49:40,13757.0,13454.0,258.0,100.0,1235559.0,1209557.0,40527.0,10898.0
2012-03-16 12:49:50,13209.0,12955.0,249.0,59.0,1167422.0,1143806.0,31444.0,9070.0
2012-03-16 12:50:00,13526.0,13185.0,243.0,111.0,1142176.0,1111124.0,27654.0,13630.0
2012-03-16 12:50:10,13129.0,12795.0,487.0,141.0,1171768.0,1140466.0,59723.0,17039.0
2012-03-16 12:50:20,45722.0,45426.0,2528.0,122.0,13245126.0,13218362.0,647125.0,14432.0
2012-03-16 12:50:30,24166.0,23933.0,15.0,47.0,8335794.0,8315330.0,3066.0,5953.0
2012-03-16 12:50:40,12281.0,11981.0,834.0,127.0,2003639.0,1976304.0,1157524.0,14977.0
2012-03-16 12:50:50,10333.0,10107.0,6.0,59.0,743792.0,725360.0,1880.0,6662.0
2012-03-16 12:51:00,10214.0,9854.0,877.0,184.0,1892407.0,1860613.0,1200720.0,19180.0
2012-03-16 12:51:10,10709.0,10386.0,64.0,145.0,792820.0,764723.0,25328.0,15396.0
2012-03-16 12:51:20,10719.0,10450.0,82.0,92.0,819466.0,797938.0,46802.0,9002.0
2012-03-16 12:51:30,10847.0,10462.0,96.0,195.0,835879.0,799381.0,56264.0,22113.0
2012-03-16 12:51:40,10344.0,10132.0,0.0,37.0,747511.0,731312.0,0.0,3829.0
2012-03-16 12:51:50,8602.0,8258.0,62.0,170.0,681394.0,651056.0,62968.0,18032.0
2012-03-16 12:52:00,10625.0,10306.0,42.0,141.0,819381.0,790918.0,43686.0,15657.0
2012-03-16 12:52:10,10710.0,10387.0,68.0,139.0,796627.0,767022.0,27482.0,16608.0
2012-03-16 12:52:20,27171.0,25366.0,106.0,227.0,1900183.0,1773660.0,70634.0,24307.0
2012-03-16 12:52:30,8665.0,8438.0,30.0,43.0,630212.0,611464.0,9214.0,4769.0
2012-03-16 12:52:40,11308.0,10788.0,174.0,334.0,919638.0,867694.0,102438.0,38596.0
2012-03-16 12:52:50,10325.0,10113.0,0.0,42.0,741402.0,724994.0,0.0,4396.0
2012-03-16 12:53:00,10444.0,10217.0,0.0,46.0,767572.0,747434.0,0.0,6934.0
2012-03-16 12:53:10,13666.0,13225.0,1636.0,258.0,3154375.0,3114233.0,2271130.0,27107.0
2012-03-16 12:53:20,9943.0,9644.0,806.0,128.0,1798331.0,1772687.0,1123224.0,13520.0
2012-03-16 12:53:30,10883.0,10589.0,86.0,105.0,838840.0,812905.0,47668.0,11570.0
2012-03-16 12:53:40,10460.0,10236.0,0.0,39.0,765368.0,748315.0,0.0,3869.0
2012-03-16 12:53:50,10448.0,10199.0,0.0,63.0,765114.0,740921.0,0.0,10969.0
2012-03-16 12:54:00,10543.0,10305.0,0.0,66.0,780209.0,759217.0,0.0,8422.0
2012-03-16 12:54:10,9120.0,8744.0,82.0,178.0,760286.0,725154.0,47242.0,20769.0
2012-03-16 12:54:20,13189.0,12975.0,0.0,33.0,1664850.0,1647610.0,0.0,4342.0
2012-03-16 12:54:30,12403.0,12190.0,0.0,34.0,1148014.0,1129276.0,0.0,5083.0
2012-03-16 12:54:40,11069.0,10788.0,0.0,97.0,864207.0,839276.0,0.0,11953.0
2012-03-16 12:54:50,8984.0,8744.0,0.0,62.0,705944.0,686000.0,0.0,7328.0
2012-03-16 12:55:00,11068.0,10831.0,4.0,58.0,860484.0,841615.0,1422.0,6237.0
2012-03-16 12:55:10,10934.0,10717.0,0.0,36.0,842463.0,825357.0,0.0,3927.0
2012-03-16 12:55:20,11391.0,10994.0,100.0,225.0,955916.0,918127.0,77054.0,25601.0
2012-03-16 12:55:30,10888.0,10676.0,0.0,26.0,838657.0,822073.0,0.0,2739.0
2012-03-16 12:55:40,9068.0,8667.0,0.0,162.0,723439.0,681074.0,0.0,24440.0
2012-03-16 12:55:50,10977.0,10631.0,0.0,133.0,852926.0,815132.0,0.0,21840.0
2012-03-16 12:56:00,11763.0,11411.0,86.0,161.0,978807.0,941327.0,48460.0,23742.0
2012-03-16 12:56:10,11335.0,11044.0,6.0,112.0,891485.0,865637.0,1352.0,12877.0
2012-03-16 12:56:20,11437.0,11126.0,20.0,135.0,897823.0,869399.0,8702.0,16000.0
2012-03-16 12:56:30,9306.0,9074.0,10.0,50.0,734922.0,716001.0,4852.0,5244.0
2012-03-16 12:56:40,15310.0,14955.0,18.0,173.0,4260818.0,4228403.0,14768.0,19355.0
2012-03-16 12:56:50,12246.0,12024.0,0.0,47.0,1772393.0,1752843.0,0.0,7154.0
2012-03-16 12:57:00,11173.0,10965.0,4.0,34.0,866639.0,850599.0,2060.0,3724.0
2012-03-16 12:57:10,8861.0,8650.0,0.0,31.0,705557.0,688846.0,0.0,3680.0
2012-03-16 12:57:20,10859.0,10657.0,0.0,33.0,837744.0,822305.0,0.0,3495.0
2012-03-16 12:57:30,10840.0,10600.0,0.0,54.0,827936.0,808131.0,0.0,5854.0
2012-03-16 12:57:40,11151.0,10793.0,0.0,178.0,860788.0,827557.0,0.0,20347.0
2012-03-16 12:57:50,11340.0,11058.0,38.0,107.0,912009.0,888138.0,42012.0,11463.0
2012-03-16 12:58:00,9183.0,8978.0,0.0,30.0,728281.0,712074.0,0.0,3875.0
2012-03-16 12:58:10,11532.0,11249.0,70.0,105.0,916392.0,890089.0,33072.0,13452.0
2012-03-16 12:58:20,15196.0,14918.0,0.0,100.0,4241702.0,4216906.0,0.0,12204.0
2012-03-16 12:58:30,12143.0,11865.0,0.0,82.0,1747688.0,1720294.0,0.0,12501.0
2012-03-16 12:58:40,9238.0,9027.0,0.0,34.0,735335.0,718167.0,0.0,4266.0
2012-03-16 12:58:50,11394.0,11199.0,0.0,24.0,879211.0,864457.0,0.0,2724.0
2012-03-16 12:59:00,11423.0,11110.0,0.0,116.0,884920.0,854403.0,0.0,16467.0
2012-03-16 12:59:10,12461.0,12183.0,553.0,109.0,1724710.0,1698307.0,786024.0,14204.0
2012-03-16 12:59:20,12497.0,12285.0,736.0,43.0,1956931.0,1939788.0,1003976.0,5189.0
2012-03-16 12:59:30,10301.0,10035.0,723.0,80.0,1737722.0,1714508.0,1001778.0,9319.0
2012-03-16 12:59:40,11634.0,11403.0,18.0,51.0,956701.0,937890.0,3178.0,5923.0
2012-03-16 12:59:50,12842.0,12603.0,754.0,63.0,2097580.0,2075815.0,1007250.0,9257.0
2012-03-16 13:00:00,11987.0,11706.0,177.0,95.0,1188998.0,1165156.0,217323.0,10546.0
2012-03-16 13:00:10,13545.0,12351.0,21.0,79.0,1036391.0,955857.0,3729.0,7947.0
2012-03-16 13:00:20,33687.0,33352.0,24.0,81.0,2302515.0,2276409.0,4586.0,8400.0
2012-03-16 13:00:30,11593.0,11377.0,15.0,42.0,910716.0,893102.0,2755.0,4531.0
2012-03-16 13:00:40,11654.0,11400.0,61.0,69.0,968379.0,944834.0,53692.0,10321.0
2012-03-16 13:00:50,11348.0,11146.0,3.0,29.0,919230.0,903647.0,519.0,3143.0
2012-03-16 13:01:00,11992.0,11753.0,3.0,58.0,1989257.0,1969574.0,519.0,6879.0
2012-03-16 13:01:10,11792.0,11589.0,0.0,22.0,943716.0,927655.0,0.0,3180.0
2012-03-16 13:01:20,12385.0,12175.0,0.0,34.0,1014288.0,997467.0,0.0,4103.0
2012-03-16 13:01:30,11335.0,11070.0,0.0,82.0,991576.0,967657.0,0.0,10216.0
2012-03-16 13:01:40,12260.0,11867.0,9.0,150.0,986039.0,952466.0,2077.0,14025.0
2012-03-16 13:01:50,10647.0,10354.0,15.0,87.0,906257.0,881353.0,3575.0,8464.0
2012-03-16 13:02:00,13670.0,13270.0,11.0,184.0,1155495.0,1124171.0,2532.0,14786.0
2012-03-16 13:02:10,14069.0,13805.0,554.0,69.0,1895271.0,1873636.0,786082.0,7544.0
2012-03-16 13:02:20,18387.0,17905.0,728.0,225.0,5580421.0,5534579.0,1004872.0,22952.0
2012-03-16 13:02:30,14518.0,14233.0,444.0,86.0,3171809.0,3144816.0,626375.0,11316.0
2012-03-16 13:02:40,12500.0,12263.0,249.0,54.0,1566595.0,1547354.0,335824.0,6367.0
2012-03-16 13:02:50,16087.0,15823.0,644.0,78.0,3519812.0,3495900.0,891602.0,9314.0
2012-03-16 13:03:00,14576.0,14207.0,204.0,161.0,1630776.0,1599822.0,247626.0,14641.0
2012-03-16 13:03:10,12751.0,12453.0,6.0,89.0,1039320.0,1005901.0,1509.0,16964.0
2012-03-16 13:03:20,11246.0,10963.0,19.0,89.0,1000221.0,973511.0,11877.0,10936.0
2012-03-16 13:03:30,13157.0,12866.0,26.0,99.0,1981549.0,1955774.0,23449.0,10730.0
2012-03-16 13:03:40,12021.0,11773.0,16.0,66.0,954661.0,933000.0,19400.0,8053.0
2012-03-16 13:03:50,12769.0,12540.0,44.0,42.0,1103299.0,1083760.0,43835.0,6149.0
2012-03-16 13:04:00,16307.0,15885.0,20.0,208.0,2065042.0,2032736.0,16036.0,16578.0
2012-03-16 13:04:10,15074.0,14760.0,21.0,137.0,1847086.0,1821258.0,15368.0,13273.0
2012-03-16 13:04:20,14602.0,14092.0,19.0,269.0,1507958.0,1465969.0,11677.0,22351.0
2012-03-16 13:04:30,13763.0,13542.0,21.0,44.0,1160500.0,1141317.0,22138.0,5966.0
2012-03-16 13:04:40,13890.0,13551.0,42.0,101.0,1156980.0,1127144.0,26623.0,12250.0
2012-03-16 13:04:50,10673.0,10406.0,23.0,85.0,1049270.0,1026761.0,19521.0,9443.0
2012-03-16 13:05:00,14163.0,13914.0,39.0,65.0,1798587.0,1778238.0,20404.0,7365.0
2012-03-16 13:05:10,13522.0,13308.0,125.0,38.0,1259220.0,1242063.0,166474.0,4656.0
2012-03-16 13:05:20,14003.0,13674.0,670.0,134.0,1963236.0,1934022.0,882893.0,14996.0
2012-03-16 13:05:30,17324.0,16995.0,27.0,129.0,2053491.0,2024298.0,24730.0,13302.0
2012-03-16 13:05:40,15605.0,15383.0,236.0,46.0,2181551.0,2161879.0,318308.0,5452.0
2012-03-16 13:05:50,14859.0,14545.0,39.0,108.0,1387466.0,1362971.0,33696.0,9033.0
2012-03-16 13:06:00,15457.0,15105.0,85.0,123.0,2280860.0,2251405.0,96042.0,11311.0
2012-03-16 13:06:10,16172.0,15870.0,160.0,109.0,2402248.0,2373897.0,202801.0,13488.0
2012-03-16 13:06:20,13484.0,13281.0,55.0,26.0,1291619.0,1276380.0,63392.0,2701.0
2012-03-16 13:06:30,11406.0,11180.0,19.0,50.0,1985619.0,1966382.0,19087.0,5822.0
2012-03-16 13:06:40,12191.0,11845.0,69.0,159.0,1217223.0,1190463.0,89064.0,13446.0
2012-03-16 13:06:50,16292.0,16049.0,628.0,64.0,1633353.0,1612120.0,219797.0,8619.0
2012-03-16 13:07:00,19500.0,19256.0,713.0,63.0,4866544.0,4846327.0,237136.0,7183.0
2012-03-16 13:07:10,16394.0,16178.0,1102.0,30.0,2493703.0,2476985.0,520679.0,3423.0
2012-03-16 13:07:20,18478.0,18072.0,850.0,211.0,2027792.0,1994599.0,359231.0,18919.0
2012-03-16 13:07:30,17210.0,16751.0,458.0,225.0,1690271.0,1646557.0,171612.0,22168.0
2012-03-16 13:07:40,16361.0,15888.0,139.0,298.0,1752401.0,1713075.0,118096.0,26938.0
2012-03-16 13:07:50,16330.0,15769.0,297.0,367.0,2485927.0,2441749.0,208027.0,29593.0
2012-03-16 13:08:00,12100.0,11883.0,771.0,46.0,2183604.0,2166739.0,861612.0,4625.0
2012-03-16 13:08:10,14026.0,13763.0,643.0,75.0,1729639.0,1706721.0,563699.0,9211.0
2012-03-16 13:08:20,14479.0,14212.0,584.0,82.0,1544211.0,1519571.0,331993.0,11322.0
2012-03-16 13:08:30,16747.0,16498.0,986.0,60.0,1600600.0,1580733.0,333149.0,5574.0
2012-03-16 13:08:40,15506.0,15140.0,680.0,168.0,1375945.0,1346288.0,185064.0,14875.0
2012-03-16 13:08:50,13951.0,13697.0,563.0,69.0,2320152.0,2297920.0,257151.0,7610.0
2012-03-16 13:09:00,16151.0,15918.0,632.0,60.0,2512081.0,2493761.0,259738.0,5888.0
2012-03-16 13:09:10,18289.0,17962.0,925.0,150.0,2942837.0,2914400.0,425104.0,15832.0
2012-03-16 13:09:20,17858.0,17538.0,1099.0,132.0,1981038.0,1956158.0,410159.0,11394.0
2012-03-16 13:09:30,39449.0,39022.0,813.0,202.0,3157334.0,3121748.0,218912.0,17778.0
2012-03-16 13:09:40,15208.0,14750.0,278.0,211.0,1382341.0,1340050.0,85791.0,22085.0
2012-03-16 13:09:50,17275.0,17016.0,565.0,73.0,2253476.0,2231218.0,190728.0,8810.0
2012-03-16 13:10:00,17255.0,16860.0,1049.0,206.0,3269361.0,3235854.0,973675.0,19677.0
2012-03-16 13:10:10,34627.0,34418.0,818.0,32.0,7045659.0,7029010.0,216690.0,3894.0
2012-03-16 13:10:20,23430.0,23094.0,673.0,147.0,3211963.0,3180563.0,295255.0,17746.0
2012-03-16 13:10:30,20373.0,20021.0,712.0,164.0,2329977.0,2294885.0,218827.0,21049.0
2012-03-16 13:10:40,17935.0,17661.0,787.0,92.0,2278271.0,2251549.0,209653.0,13644.0
2012-03-16 13:10:50,12471.0,12232.0,69.0,49.0,1093381.0,1072554.0,22588.0,6443.0
2012-03-16 13:11:00,17356.0,17075.0,686.0,81.0,3307421.0,3283013.0,878610.0,8966.0
2012-03-16 13:11:10,20322.0,17831.0,76.0,16.0,2353372.0,2191824.0,36259.0,1763.0
2012-03-16 13:11:20,25933.0,22218.0,866.0,39.0,3404402.0,3164145.0,1050483.0,3563.0
2012-03-16 13:11:30,91628.0,88910.0,72.0,281.0,7739481.0,7548199.0,69461.0,32661.0
2012-03-16 13:11:40,80159.0,79844.0,866.0,89.0,6888155.0,6862469.0,1096384.0,7925.0
2012-03-16 13:11:50,11396.0,11195.0,81.0,24.0,1084102.0,1068884.0,42810.0,2538.0
2012-03-16 13:12:00,13785.0,13478.0,211.0,110.0,2032908.0,2009194.0,230587.0,9342.0
2012-03-16 13:12:10,14092.0,13853.0,623.0,55.0,1970691.0,1951808.0,810438.0,5586.0
2012-03-16 13:12:20,12802.0,12579.0,105.0,27.0,1163724.0,1144808.0,38340.0,4314.0
2012-03-16 13:12:30,17102.0,16514.0,464.0,242.0,2042722.0,1990427.0,376831.0,23772.0
2012-03-16 13:12:40,14773.0,14293.0,532.0,85.0,1698349.0,1662732.0,263908.0,7137.0
2012-03-16 13:12:50,19355.0,18797.0,1053.0,122.0,2112757.0,2072859.0,452546.0,9299.0
2012-03-16 13:13:00,18582.0,17971.0,844.0,161.0,1948245.0,1903321.0,351861.0,14420.0
2012-03-16 13:13:10,33661.0,32213.0,1259.0,27.0,3122261.0,3026350.0,523508.0,2960.0
2012-03-16 13:13:20,25232.0,24898.0,451.0,17.0,2107904.0,2084689.0,186766.0,1829.0
2012-03-16 13:13:30,12896.0,12432.0,222.0,38.0,1367462.0,1332579.0,244191.0,5344.0
2012-03-16 13:13:40,13572.0,13081.0,12.0,36.0,1933182.0,1897777.0,3243.0,4397.0
2012-03-16 13:13:50,12958.0,12652.0,87.0,34.0,1737056.0,1713030.0,82350.0,5368.0
2012-03-16 13:14:00,12892.0,12530.0,167.0,50.0,1311991.0,1284421.0,181735.0,6296.0
2012-03-16 13:14:10,10449.0,10041.0,47.0,87.0,955639.0,924030.0,27791.0,9570.0
2012-03-16 13:14:20,13544.0,13181.0,56.0,38.0,2251894.0,2224982.0,30493.0,4922.0
2012-03-16 13:14:30,15411.0,15044.0,992.0,44.0,3615397.0,3586222.0,1313899.0,6528.0
2012-03-16 13:14:40,14713.0,14367.0,557.0,55.0,3522124.0,3494531.0,786019.0,7567.0
2012-03-16 13:14:50,12137.0,11760.0,311.0,30.0,2253224.0,2226557.0,364410.0,3211.0
2012-03-16 13:15:00,18102.0,14328.0,59.0,23.0,2760407.0,2514010.0,32512.0,4875.0
2012-03-16 13:15:10,20781.0,18070.0,737.0,36.0,2911777.0,2735208.0,1013056.0,3928.0
2012-03-16 13:15:20,27695.0,25251.0,305.0,42.0,3330559.0,3169742.0,364100.0,5877.0
2012-03-16 13:15:30,13407.0,13032.0,729.0,52.0,2329099.0,2300014.0,1002710.0,6470.0
2012-03-16 13:15:40,10633.0,10190.0,63.0,14.0,1204202.0,1173958.0,38338.0,1562.0
2012-03-16 13:15:50,17940.0,14152.0,743.0,28.0,2372636.0,2124637.0,1005526.0,5697.0
2012-03-16 13:16:00,19272.0,16621.0,46.0,83.0,1515800.0,1340126.0,15827.0,10054.0
2012-03-16 13:16:10,33477.0,30704.0,16.0,72.0,3385993.0,3199404.0,4117.0,12097.0
2012-03-16 13:16:20,58317.0,57802.0,22.0,70.0,6538621.0,6500958.0,13895.0,7573.0
2012-03-16 13:16:30,137487.0,136969.0,62.0,60.0,9287594.0,9249098.0,35653.0,7237.0
2012-03-16 13:16:40,102534.0,101996.0,0.0,51.0,6908484.0,6870047.0,0.0,5945.0
2012-03-16 13:16:50,81375.0,80875.0,238.0,80.0,5842581.0,5801115.0,290906.0,12988.0
2012-03-16 13:17:00,112234.0,111768.0,13.0,76.0,7570770.0,7535513.0,5716.0,8437.0
2012-03-16 13:17:10,97134.0,96543.0,63.0,179.0,6627072.0,6575503.0,31125.0,23222.0
2012-03-16 13:17:20,143909.0,143352.0,47.0,80.0,9692041.0,9649426.0,32862.0,10549.0
2012-03-16 13:17:30,141242.0,140732.0,4071.0,52.0,15315931.0,15278447.0,6090358.0,6319.0
2012-03-16 13:17:40,133441.0,132761.0,200.0,170.0,9265800.0,9212308.0,252161.0,17500.0
2012-03-16 13:17:50,114459.0,113982.0,54.0,82.0,7736267.0,7698161.0,26270.0,11415.0
2012-03-16 13:18:00,105297.0,104779.0,38.0,93.0,7121259.0,7076637.0,24304.0,16086.0
2012-03-16 13:18:10,132710.0,131293.0,42.0,100.0,9191499.0,9083412.0,19589.0,14350.0
2012-03-16 13:18:20,92214.0,91670.0,439.0,140.0,7070885.0,7017086.0,579091.0,19569.0
2012-03-16 13:18:30,50597.0,49999.0,17.0,132.0,3744524.0,3690365.0,3349.0,16657.0
2012-03-16 13:18:40,56688.0,56030.0,11.0,141.0,4070084.0,4005379.0,3766.0,18401.0
2012-03-16 13:18:50,93816.0,93303.0,41.0,88.0,6971576.0,6932354.0,25322.0,9956.0
2012-03-16 13:19:00,105233.0,104397.0,13.0,391.0,7167811.0,7104981.0,2915.0,31820.0
2012-03-16 13:19:10,74538.0,73844.0,296.0,384.0,5524783.0,5466106.0,357333.0,35834.0
2012-03-16 13:19:20,76701.0,76312.0,28.0,178.0,5564234.0,5531946.0,6381.0,16556.0
2012-03-16 13:19:30,44616.0,44230.0,88.0,157.0,3450265.0,3414874.0,20331.0,17173.0
2012-03-16 13:19:40,53869.0,53523.0,190.0,121.0,4076310.0,4047370.0,239944.0,12001.0
2012-03-16 13:19:50,143309.0,142989.0,246.0,109.0,9978612.0,9951105.0,246849.0,11849.0
2012-03-16 13:20:00,34886.0,34147.0,2543.0,353.0,3339095.0,3262853.0,688685.0,45409.0
2012-03-16 13:20:10,40303.0,39670.0,63.0,218.0,5990167.0,5933839.0,19910.0,24363.0
2012-03-16 13:20:20,36329.0,35960.0,249.0,163.0,5625514.0,5590708.0,69471.0,18788.0
2012-03-16 13:20:30,21817.0,21494.0,690.0,120.0,2791208.0,2762310.0,167850.0,12950.0
2012-03-16 13:20:40,24272.0,23727.0,3338.0,223.0,3731412.0,3684238.0,1027805.0,24045.0
2012-03-16 13:20:50,28132.0,25680.0,1069.0,146.0,3529695.0,3364107.0,422026.0,15039.0
2012-03-16 13:21:00,43051.0,40558.0,1569.0,185.0,5559010.0,5387098.0,1032330.0,20384.0
2012-03-16 13:21:10,43354.0,39554.0,2174.0,171.0,5405570.0,5153875.0,986802.0,17419.0
2012-03-16 13:21:20,68175.0,67119.0,2803.0,178.0,7566250.0,7489512.0,1415330.0,18648.0
2012-03-16 13:21:30,82186.0,79655.0,5468.0,60.0,8898142.0,8729671.0,2807008.0,7962.0
2012-03-16 13:21:40,86159.0,83041.0,7045.0,57.0,8934376.0,8731141.0,2586003.0,5379.0
2012-03-16 13:21:50,78047.0,75371.0,2696.0,51.0,7047992.0,6871989.0,1093531.0,5805.0
2012-03-16 13:22:00,84943.0,84677.0,4902.0,72.0,9124430.0,9101229.0,2561490.0,8543.0
2012-03-16 13:22:10,68767.0,68523.0,2950.0,56.0,7277650.0,7257951.0,1837606.0,6249.0
2012-03-16 13:22:20,75735.0,75430.0,3507.0,99.0,8376562.0,8352637.0,2400973.0,9031.0
2012-03-16 13:22:30,77410.0,77181.0,3027.0,39.0,8323272.0,8304317.0,2191840.0,4036.0
2012-03-16 13:22:40,69015.0,68802.0,1734.0,20.0,6844792.0,6828199.0,1145319.0,2819.0
2012-03-16 13:22:50,71337.0,71142.0,1425.0,21.0,6829988.0,6815047.0,718849.0,2637.0
2012-03-16 13:23:00,77327.0,76962.0,3276.0,186.0,7810217.0,7776178.0,1782703.0,21167.0
2012-03-16 13:23:10,79329.0,79120.0,3297.0,33.0,7855674.0,7839314.0,1820064.0,3887.0
2012-03-16 13:23:20,73260.0,73054.0,4735.0,24.0,8702343.0,8686917.0,3273852.0,2530.0
2012-03-16 13:23:30,64323.0,64080.0,1969.0,33.0,5925891.0,5906629.0,1050806.0,3281.0
2012-03-16 13:23:40,64370.0,64094.0,3250.0,48.0,6815988.0,6792775.0,1795852.0,5391.0
2012-03-16 13:23:50,22565.0,22308.0,834.0,41.0,2799714.0,2777737.0,475922.0,5815.0
2012-03-16 13:24:00,33348.0,33085.0,4042.0,59.0,5245832.0,5224449.0,2366917.0,6411.0
2012-03-16 13:24:10,38800.0,38516.0,4153.0,104.0,6031650.0,6007983.0,2360938.0,10772.0
2012-03-16 13:24:20,35257.0,35028.0,5530.0,43.0,6817998.0,6800445.0,4283625.0,4135.0
2012-03-16 13:24:30,29361.0,29033.0,4149.0,114.0,5596664.0,5565835.0,3318719.0,14564.0
2012-03-16 13:24:40,32664.0,32325.0,5267.0,114.0,6137124.0,6097739.0,3774031.0,19595.0
2012-03-16 13:24:50,30155.0,29898.0,4437.0,56.0,5415999.0,5389663.0,3342050.0,9664.0
2012-03-16 13:25:00,26032.0,25771.0,3817.0,73.0,4916919.0,4894100.0,3061809.0,8777.0
2012-03-16 13:25:10,28028.0,27781.0,3483.0,67.0,4942426.0,4922606.0,2813045.0,7043.0
2012-03-16 13:25:20,34851.0,34628.0,3602.0,46.0,5597191.0,5570688.0,2785664.0,13855.0
2012-03-16 13:25:30,41762.0,41493.0,3933.0,87.0,6103634.0,6081312.0,3136671.0,8471.0
2012-03-16 13:25:40,31717.0,31481.0,3689.0,61.0,4988620.0,4969805.0,2822754.0,6275.0
2012-03-16 13:25:50,35301.0,35087.0,4185.0,45.0,5556803.0,5540196.0,3101213.0,4579.0
2012-03-16 13:26:00,39360.0,39125.0,5224.0,61.0,6354979.0,6336150.0,3742202.0,6533.0
2012-03-16 13:26:10,41565.0,41306.0,5493.0,72.0,6646848.0,6624565.0,3866985.0,8788.0
2012-03-16 13:26:20,40000.0,39799.0,4869.0,30.0,6602972.0,6587436.0,3468292.0,3462.0
2012-03-16 13:26:30,42042.0,41798.0,5469.0,56.0,9119382.0,9098461.0,3816832.0,6916.0
2012-03-16 13:26:40,34135.0,33917.0,3643.0,47.0,5813229.0,5794577.0,3339539.0,6414.0
2012-03-16 13:26:50,25449.0,25254.0,696.0,31.0,3632342.0,3616097.0,897991.0,4671.0
2012-03-16 13:27:00,20788.0,20535.0,7.0,63.0,2629886.0,2609415.0,1189.0,6337.0
2012-03-16 13:27:10,21492.0,21226.0,47.0,77.0,2651237.0,2629281.0,43240.0,7868.0
2012-03-16 13:27:20,18378.0,17959.0,16.0,194.0,2433270.0,2398844.0,3077.0,17174.0
2012-03-16 13:27:30,22362.0,22081.0,11.0,88.0,2916172.0,2893560.0,3849.0,7997.0
2012-03-16 13:27:40,21720.0,21453.0,14.0,92.0,2624050.0,2599738.0,4585.0,11184.0
2012-03-16 13:27:50,25272.0,25010.0,2593.0,69.0,3352023.0,3329266.0,585738.0,8459.0
2012-03-16 13:28:00,20519.0,20257.0,95.0,74.0,2617238.0,2595887.0,25220.0,7381.0
2012-03-16 13:28:10,22132.0,21928.0,34.0,23.0,2714148.0,2695667.0,19049.0,4990.0
2012-03-16 13:28:20,21518.0,21296.0,20.0,42.0,2643720.0,2625588.0,7801.0,4934.0
2012-03-16 13:28:30,52356.0,51076.0,12.0,86.0,5604831.0,5515367.0,2280.0,11113.0
2012-03-16 13:28:40,124103.0,123884.0,7.0,39.0,12634423.0,12617491.0,1245.0,4004.0
2012-03-16 13:28:50,35135.0,34934.0,8.0,26.0,4233358.0,4218334.0,1961.0,2682.0
2012-03-16 13:29:00,22284.0,22063.0,17.0,40.0,2530126.0,2513142.0,3543.0,4152.0
2012-03-16 13:29:10,23558.0,23245.0,345.0,121.0,2845533.0,2817255.0,106812.0,14449.0
2012-03-16 13:29:20,24660.0,24442.0,651.0,42.0,3048419.0,3031193.0,186033.0,4774.0
2012-03-16 13:29:30,28063.0,27825.0,1651.0,59.0,3836609.0,3816830.0,613181.0,6312.0
2012-03-16 13:29:40,26527.0,26289.0,1530.0,50.0,3677784.0,3658726.0,430710.0,5440.0
2012-03-16 13:29:50,27091.0,26793.0,945.0,111.0,3495147.0,3468981.0,293445.0,12736.0
2012-03-16 13:30:00,22963.0,22792.0,887.0,28.0,3875221.0,3860556.0,389850.0,4527.0
