timestamp,total,total_tcp,total_http,total_udp,size,size_tcpsize_http,size_udp
2012-03-16 12:30:00,0.5,0.5,0.5,0.5,0.5,0.5,0.5,0.5
2012-03-16 12:30:10,0.5,0.5,0.5,0.5,0.5,0.5,0.5,0.5
2012-03-16 12:30:20,0.5,0.5,0.5,0.5,0.5,0.5,0.5,0.5
2012-03-16 12:30:30,0.5,0.5,0.5,0.5,0.5,0.5,0.5,0.5
2012-03-16 12:30:40,0.5,0.5,0.5,0.5,0.5,0.5,0.5,0.5
2012-03-16 12:30:50,0.5,0.5,0.5,0.5,0.5,0.5,0.5,0.5
2012-03-16 12:31:00,0.5,0.5,0.5,0.5,0.5,0.5,0.5,0.5
2012-03-16 12:31:10,0.5,0.5,0.5,0.5,0.5,0.5,0.5,0.5
2012-03-16 12:31:20,0.5,0.5,0.5,0.5,0.5,0.5,0.5,0.5
2012-03-16 12:31:30,0.5,0.5,0.5,0.5,0.5,0.5,0.5,0.5
2012-03-16 12:31:40,0.5,0.5,0.5,0.5,0.5,0.5,0.5,0.5
2012-03-16 12:31:50,0.5,0.5,0.5,0.5,0.5,0.5,0.5,0.5
2012-03-16 12:32:00,0.5,0.5,0.5,0.5,0.5,0.5,0.5,0.5
2012-03-16 12:32:10,0.5,0.5,0.5,0.5,0.5,0.5,0.5,0.5
2012-03-16 12:32:20,0.5,0.5,0.5,0.5,0.5,0.5,0.5,0.5
2012-03-16 12:32:30,0.5,0.5,0.5,0.5,0.5,0.5,0.5,0.5
2012-03-16 12:32:40,0.5,0.5,0.5,0.5,0.5,0.5,0.5,0.5
2012-03-16 12:32:50,0.5,0.5,0.5,0.5,0.5,0.5,0.5,0.5
2012-03-16 12:33:00,0.5,0.5,0.5,0.5,0.5,0.5,0.5,0.5
2012-03-16 12:33:10,0.5,0.5,0.5,0.5,0.5,0.5,0.5,0.5
2012-03-16 12:33:20,0.5,0.5,0.5,0.5,0.5,0.5,0.5,0.5
2012-03-16 12:33:30,0.5,0.5,0.5,0.5,0.5,0.5,0.5,0.5
2012-03-16 12:33:40,0.5,0.5,0.5,0.5,0.5,0.5,0.5,0.5
2012-03-16 12:33:50,0.5,0.5,0.5,0.5,0.5,0.5,0.5,0.5
2012-03-16 12:34:00,0.5,0.5,0.5,0.5,0.5,0.5,0.5,0.5
2012-03-16 12:34:10,0.5,0.5,0.5,0.5,0.5,0.5,0.5,0.5
2012-03-16 12:34:20,0.5,0.5,0.5,0.5,0.5,0.5,0.5,0.5
2012-03-16 12:34:30,0.5,0.5,0.5,0.5,0.5,0.5,0.5,0.5
2012-03-16 12:34:40,0.5,0.5,0.5,0.5,0.5,0.5,0.5,0.5
2012-03-16 12:34:50,0.5,0.5,0.5,0.5,0.5,0.5,0.5,0.5
2012-03-16 12:35:00,0.5,0.5,0.5,0.5,0.5,0.5,0.5,0.5
2012-03-16 12:35:10,0.5,0.5,0.5,0.5,0.5,0.5,0.5,0.5
2012-03-16 12:35:20,0.5,0.5,0.5,0.5,0.5,0.5,0.5,0.5
2012-03-16 12:35:30,0.5,0.5,0.5,0.5,0.5,0.5,0.5,0.5
2012-03-16 12:35:40,0.5,0.5,0.5,0.5,0.5,0.5,0.5,0.5
2012-03-16 12:35:50,0.5,0.5,0.5,0.5,0.5,0.5,0.5,0.5
2012-03-16 12:36:00,0.5,0.5,0.5,0.5,0.5,0.5,0.5,0.5
2012-03-16 12:36:10,0.5,0.5,0.5,0.5,0.5,0.5,0.5,0.5
2012-03-16 12:36:20,0.5,0.5,0.5,0.5,0.5,0.5,0.5,0.5
2012-03-16 12:36:30,0.5,0.5,0.5,0.5,0.5,0.5,0.5,0.5
2012-03-16 12:36:40,0.5,0.5,0.5,0.5,0.5,0.5,0.5,0.5
2012-03-16 12:36:50,0.5,0.5,0.5,0.5,0.5,0.5,0.5,0.5
2012-03-16 12:37:00,0.5,0.5,0.5,0.5,0.5,0.5,0.5,0.5
2012-03-16 12:37:10,0.5,0.5,0.5,0.5,0.5,0.5,0.5,0.5
2012-03-16 12:37:20,0.5,0.5,0.5,0.5,0.5,0.5,0.5,0.5
2012-03-16 12:37:30,0.5,0.5,0.5,0.5,0.5,0.5,0.5,0.5
2012-03-16 12:37:40,0.5,0.5,0.5,0.5,0.5,0.5,0.5,0.5
2012-03-16 12:37:50,0.5,0.5,0.5,0.5,0.5,0.5,0.5,0.5
2012-03-16 12:38:00,0.5,0.5,0.5,0.5,0.9583692202575874,0.9583692202575874,0.9583692202575874,0.9583692202575874
2012-03-16 12:38:10,0.9583692202575874,0.9583692202575874,0.9583692202575874,0.9583692202575874,0.9583692202575874,0.9583692202575874,0.9583692202575874,0.9583692202575874
2012-03-16 12:38:20,0.9583692202575874,0.9583692202575874,0.9583692202575874,0.9583692202575874,0.9583692202575874,0.9583692202575874,0.9583692202575874,0.9583692202575874
2012-03-16 12:38:30,0.9583692202575874,0.9583692202575874,0.9583692202575874,0.9583692202575874,0.9583692202575874,0.9583692202575874,0.9583692202575874,0.9583692202575874
2012-03-16 12:38:40,0.9583692202575874,0.9583692202575874,0.9583692202575874,0.9583692202575874,0.9583692202575874,0.9583692202575874,0.9583692202575874,0.9583692202575874
2012-03-16 12:38:50,0.9583692202575874,0.9583692202575874,0.9583692202575874,0.9583692202575874,0.9583692202575874,0.9583692202575874,0.9583692202575874,0.9583692202575874
2012-03-16 12:39:00,0.9583692202575874,0.9583692202575874,0.9583692202575874,0.9583692202575874,0.9583692202575874,0.9583692202575874,0.9583692202575874,0.9583692202575874
2012-03-16 12:39:10,0.9583692202575874,0.9583692202575874,0.9583692202575874,0.9583692202575874,0.9583692202575874,0.9583692202575874,0.9583692202575874,0.9583692202575874
2012-03-16 12:39:20,0.9583692202575874,0.9583692202575874,0.9583692202575874,0.9583692202575874,0.9583692202575874,0.9583692202575874,0.9583692202575874,0.9583692202575874
2012-03-16 12:39:30,0.9583692202575874,0.9583692202575874,0.9583692202575874,0.9583692202575874,0.9583692202575874,0.9583692202575874,0.9583692202575874,0.9583692202575874
2012-03-16 12:39:40,0.9583692202575874,0.9583692202575874,0.9583692202575874,0.9583692202575874,0.9583692202575874,0.9583692202575874,0.9583692202575874,0.9583692202575874
2012-03-16 12:39:50,0.9583692202575874,0.9583692202575874,0.9583692202575874,0.9583692202575874,0.9583692202575874,0.9583692202575874,0.9583692202575874,0.9583692202575874
2012-03-16 12:40:00,0.9583692202575874,0.9583692202575874,0.9583692202575874,0.9583692202575874,0.9583692202575874,0.9583692202575874,0.9583692202575874,0.9583692202575874
2012-03-16 12:40:10,0.9583692202575874,0.9583692202575874,0.9583692202575874,0.9583692202575874,0.9583692202575874,0.9583692202575874,0.9583692202575874,0.9583692202575874
2012-03-16 12:40:20,0.9583692202575874,0.9583692202575874,0.9583692202575874,0.9583692202575874,0.9583692202575874,0.9583692202575874,0.9583692202575874,0.9583692202575874
2012-03-16 12:40:30,0.9583692202575874,0.9583692202575874,0.9583692202575874,0.9583692202575874,0.9583692202575874,0.9583692202575874,0.9583692202575874,0.9583692202575874
2012-03-16 12:40:40,0.9583692202575874,0.9583692202575874,0.9583692202575874,0.9583692202575874,0.9583692202575874,0.9583692202575874,0.9583692202575874,0.9583692202575874
2012-03-16 12:40:50,0.9583692202575874,0.9583692202575874,0.9583692202575874,0.9583692202575874,0.9583692202575874,0.9583692202575874,0.9583692202575874,0.9583692202575874
2012-03-16 12:41:00,0.9583692202575874,0.9583692202575874,0.9583692202575874,0.9583692202575874,0.9583692202575874,0.9583692202575874,0.9583692202575874,0.9583692202575874
2012-03-16 12:41:10,0.9583692202575874,0.9583692202575874,0.9583692202575874,0.9583692202575874,0.9583692202575874,0.9583692202575874,0.9583692202575874,0.9583692202575874
2012-03-16 12:41:20,0.9583692202575874,0.9583692202575874,0.9583692202575874,0.9583692202575874,0.9583692202575874,0.9583692202575874,0.9583692202575874,0.9583692202575874
2012-03-16 12:41:30,0.9583692202575874,0.9583692202575874,0.9583692202575874,0.9583692202575874,0.9583692202575874,0.9583692202575874,0.9583692202575874,0.9583692202575874
2012-03-16 12:41:40,0.9583692202575874,0.9583692202575874,0.9583692202575874,0.9583692202575874,0.9583692202575874,0.9583692202575874,0.9583692202575874,0.9583692202575874
2012-03-16 12:41:50,0.9583692202575874,0.9583692202575874,0.9583692202575874,0.9583692202575874,0.9583692202575874,0.9583692202575874,0.9583692202575874,0.9583692202575874
2012-03-16 12:42:00,0.9583692202575874,0.9583692202575874,0.9583692202575874,0.9583692202575874,0.9583692202575874,0.9583692202575874,0.9583692202575874,0.9583692202575874
2012-03-16 12:42:10,0.9583692202575874,0.9583692202575874,0.9583692202575874,0.9583692202575874,0.9583692202575874,0.9583692202575874,0.9583692202575874,0.9583692202575874
2012-03-16 12:42:20,0.9583692202575874,0.9583692202575874,0.9583692202575874,0.9583692202575874,0.9583692202575874,0.9583692202575874,0.9583692202575874,0.9583692202575874
2012-03-16 12:42:30,0.9583692202575874,0.9583692202575874,0.9583692202575874,0.9583692202575874,0.9583692202575874,0.9583692202575874,0.9583692202575874,0.9583692202575874
2012-03-16 12:42:40,0.9583692202575874,0.9583692202575874,0.9583692202575874,0.9583692202575874,0.9583692202575874,0.9583692202575874,0.9583692202575874,0.9583692202575874
2012-03-16 12:42:50,0.9583692202575874,0.9999734437495621,0.9999734437495621,0.9999734437495621,1.0,0.999,0.999,0.999
2012-03-16 12:43:00,0.999,0.999,0.999,0.999,0.999,0.999,0.999,0.999
2012-03-16 12:43:10,0.999,0.999,0.999,0.999,0.999,0.999,0.999,0.999
2012-03-16 12:43:20,0.999,0.999,0.999,0.999,0.999,0.999,0.9999513346286736,0.5573835620905065
2012-03-16 12:43:30,0.5573835620905065,0.5573835620905065,0.5573835620905065,0.5573835620905065,0.5573835620905065,0.9995495835678068,0.9995495835678068,0.9255446216866499
2012-03-16 12:43:40,0.9255446216866499,0.9255446216866499,0.9255446216866499,0.9255446216866499,0.9255446216866499,0.9999980706049173,0.999,0.9255446216866499
2012-03-16 12:43:50,0.9255446216866499,0.9255446216866499,0.9255446216866499,0.9255446216866499,0.9255446216866499,0.9255446216866499,0.9255446216866499,0.9583692202575874
2012-03-16 12:44:00,0.9583692202575874,0.9583692202575874,0.9583692202575874,0.9583692202575874,0.9583692202575874,0.9583692202575874,0.9583692202575874,0.9583692202575874
2012-03-16 12:44:10,0.9583692202575874,0.9583692202575874,0.9583692202575874,0.9583692202575874,0.9583692202575874,0.9583692202575874,0.9583692202575874,0.9583692202575874
2012-03-16 12:44:20,0.9583692202575874,0.9999734437495621,0.9999734437495621,0.9999734437495621,0.9999995388340479,0.999,0.999,0.999
2012-03-16 12:44:30,0.999,0.999,0.999,0.999,0.996869004651983,0.9993827373484617,0.9987267575264039,0.9982000886352896
2012-03-16 12:44:40,0.9982000886352896,0.9982000886352896,0.9982000886352896,0.9320362688447696,0.9320362688447696,0.9620637964562484,0.6387167653500839,0.556464871927725
2012-03-16 12:44:50,0.556464871927725,0.556464871927725,0.556464871927725,0.556464871927725,0.556464871927725,0.5564648769422317,0.5564648769422317,0.556464871927725
2012-03-16 12:45:00,0.556464871927725,0.556464871927725,0.556464871927725,0.556464871927725,0.556464871927725,0.5424108457960566,0.5424108457960566,0.5704482301248812
2012-03-16 12:45:10,0.5704482301248812,0.5704482301248812,0.5704482301248812,0.5704482301248812,0.5704482301248812,0.5564648685847204,0.5564648685847204,0.5424108491538417
2012-03-16 12:45:20,0.5424108491538417,0.5424108491538417,0.5424108491538417,0.5424108491538417,0.5424108491538417,0.5564648685847204,0.5564648685847204,0.5704482301248812
2012-03-16 12:45:30,0.5704482301248812,0.5704482301248812,0.5704482301248812,0.5704482301248812,0.5704482301248812,0.5000000016884425,0.5000000016884425,0.5981345731003287
2012-03-16 12:45:40,0.5981345731003287,0.5981345731003287,0.5981345731003287,0.5981345731003287,0.5981345731003287,0.5981345731003287,0.5981345731003287,0.664959572615666
2012-03-16 12:45:50,0.664959572615666,0.664959572615666,0.664959572615666,0.664959572615666,0.664959572615666,0.664959572615666,0.664959572615666,0.664959572615666
2012-03-16 12:46:00,0.664959572615666,0.664959572615666,0.664959572615666,0.664959572615666,0.664959572615666,0.664959572615666,0.664959572615666,0.664959572615666
2012-03-16 12:46:10,0.664959572615666,0.664959572615666,0.664959572615666,0.664959572615666,0.664959572615666,0.664959572615666,0.664959572615666,0.664959572615666
2012-03-16 12:46:20,0.664959572615666,0.664959572615666,0.664959572615666,0.664959572615666,0.664959572615666,0.6519291237496141,0.6519291237496141,0.6519291237496141
2012-03-16 12:46:30,0.6519291237496141,0.6387167665390701,0.6387167665390701,0.6387167665390701,0.6387167665390701,0.6253368353488389,0.6253368353488389,0.6387167665390701
2012-03-16 12:46:40,0.6417031912570617,0.6280577335779769,0.6280577335779769,0.6417031912570617,0.6417031912570617,0.6280577335779769,0.6280577335779769,0.6417031912570617
2012-03-16 12:46:50,0.6417031912570617,0.6280577335779769,0.6280577335779769,0.6417031912570617,0.6417031912570617,0.6280577335779769,0.6280577335779769,0.6417031912570617
2012-03-16 12:47:00,0.6417031912570617,0.6417031912570617,0.6417031912570617,0.6551700282919765,0.6551700282919765,0.6417031912570617,0.6417031912570617,0.6551700282919765
2012-03-16 12:47:10,0.6551700282919765,0.6551700282919765,0.6551700282919765,0.6551700282919765,0.6551700282919765,0.6417031912570617,0.6417031912570617,0.6551700282919765
2012-03-16 12:47:20,0.6551700282919765,0.6551700282919765,0.6551700282919765,0.6551700282919765,0.6551700282919765,0.6417031912570617,0.6417031912570617,0.6551700282919765
2012-03-16 12:47:30,0.6551700282919765,0.6417031912570617,0.6417031912570617,0.6417031912570617,0.6417031912570617,0.6280577335779769,0.6280577335779769,0.6417031912570617
2012-03-16 12:47:40,0.6417031912570617,0.6417031912570617,0.6417031912570617,0.6551700282919765,0.6551700282919765,0.6417031912570617,0.6417031912570617,0.6551700282919765
2012-03-16 12:47:50,0.6551700282919765,0.6551700282919765,0.6551700282919765,0.6551700282919765,0.7193205121102466,0.8452905872255689,0.8452905872255689,0.8364916793281694
2012-03-16 12:48:00,0.8452905872255689,0.8452905872255689,0.8452905872255689,0.8452905872255689,0.8773108239802849,0.9363284610644076,0.7069590653148906,0.5433608923337847
2012-03-16 12:48:10,0.5577259000825417,0.5720153945186023,0.5577259000825417,0.5577259000825417,0.5577259000825417,0.5577259000825417,0.5000000004316034,0.6417031912570617
2012-03-16 12:48:20,0.6280577335779769,0.6280577335779769,0.6417031912570617,0.6551700282919765,0.6551700282919765,0.6551700282919765,0.6551700282919765,0.6551700282919765
2012-03-16 12:48:30,0.6417031912570617,0.6417031912570617,0.6551700282919765,0.6551700282919765,0.6551700282919765,0.6551700282919765,0.6551700282919765,0.6551700282919765
2012-03-16 12:48:40,0.6417031912570617,0.6417031912570617,0.6551700282919765,0.6551700282919765,0.6656332469596926,0.6656332469596926,0.6656332469596926,0.6656332469596926
2012-03-16 12:48:50,0.6513575027632648,0.6513575027632648,0.6656332469596926,0.6656332469596926,0.6656332469596926,0.6656332469596926,0.6656332469596926,0.6656332469596926
2012-03-16 12:49:00,0.6513575027632648,0.6513575027632648,0.6656332469596926,0.6656332469596926,0.6656332469596926,0.6656332469596926,0.6656332469596926,0.6656332469596926
2012-03-16 12:49:10,0.6513575027632648,0.6513575027632648,0.6656332469596926,0.6656332469596926,0.6656332469596926,0.6656332469596926,0.6656332469596926,0.6656332469596926
2012-03-16 12:49:20,0.6513575027632648,0.6513575027632648,0.6656332469596926,0.6656332469596926,0.6656332469596926,0.6656332469596926,0.6656332469596926,0.6656332469596926
2012-03-16 12:49:30,0.6513575027632648,0.6934609015617119,0.6796733711083732,0.6796733711083732,0.9353733934421187,0.9353733934421187,0.9353733934421187,0.9353733934421187
2012-03-16 12:49:40,0.9401402658383693,0.9980022166605692,0.9977415833814758,0.9741089154342313,0.9741089154342313,0.9741089154342313,0.8145189163667288,0.8145189163667288
2012-03-16 12:49:50,0.8247374711882861,0.8247374711882861,0.8145189163667288,0.6656332469596926,0.6656332469596926,0.6656332469596926,0.6656332469596926,0.6656332469596926
2012-03-16 12:50:00,0.6513575027632648,0.6513575027632648,0.6656332469596926,0.6656332469596926,0.6656332469596926,0.6513575027632648,0.6513575027632648,0.6513575027632648
2012-03-16 12:50:10,0.6368641350033678,0.6368641350033678,0.6513575027632648,0.6513575027632648,0.6513575027632648,0.6368641350033678,0.6368641350033678,0.6513575027632648
2012-03-16 12:50:20,0.6368641350033678,0.8860648262253029,0.8860648262253029,0.8860648262253029,0.9971259488455234,0.9995274818119186,0.9995274818119186,0.999457489765622
2012-03-16 12:50:30,0.9995274818119186,0.9999637118521054,0.999957310910098,0.9911737364036797,0.9999498531827591,0.9999996805092157,0.9996904375319297,0.9980022164219338
2012-03-16 12:50:40,0.9982352442604044,0.9984432755412951,0.9982352442604044,0.9879687738596712,0.9997997780876143,0.9997997780876143,0.978449904878417,0.8247374569802457
2012-03-16 12:50:50,0.8027588919566152,0.8123127388491922,0.8027588919566152,0.7929166080609974,0.7929166080609974,0.8123127388491922,0.6050236332863308,0.6050236332863308
2012-03-16 12:51:00,0.6050236332863308,0.5915127109214586,0.6050236332863308,0.6184094262895733,0.6050236332863308,0.5641777157164531,0.5503856931216253,0.5778921193179443
2012-03-16 12:51:10,0.5778921193179443,0.5641777157164531,0.5778921193179443,0.5915127099105364,0.5778921193179443,0.5365325260190923,0.5503856920915557,0.5915127099105364
2012-03-16 12:51:20,0.6050236322841607,0.6050236322841607,0.6050236322841607,0.6184094252972913,0.6050236322841607,0.5641777146915559,0.5778921182994372,0.6184094252972913
2012-03-16 12:51:30,0.6184094252972913,0.6050236322841607,0.6050236322841607,0.6050236322841607,0.5778921193179443,0.5778921193179443,0.5915127099105364,0.631655075762545
2012-03-16 12:51:40,0.631655075762545,0.6184094262895733,0.6184094262895733,0.631655075762545,0.6050236332863308,0.6050236332863308,0.631655075762545,0.631655075762545
2012-03-16 12:51:50,0.631655075762545,0.6184094262895733,0.6184094262895733,0.631655075762545,0.6050236332863308,0.5915127109214586,0.6184094262895733,0.6184094262895733
2012-03-16 12:52:00,0.6184094262895733,0.6050236332863308,0.6050236332863308,0.6184094262895733,0.6184094262895733,0.5778921193179443,0.6050236322841607,0.6184094252972913
2012-03-16 12:52:10,0.6184094252972913,0.6050236322841607,0.6050236322841607,0.6184094252972913,0.6184094252972913,0.6184094252972913,0.6184094252972913,0.6576684208391875
2012-03-16 12:52:20,0.6576684208391875,0.5744716948363767,0.5744716948363767,0.5607363563595176,0.5881172392410465,0.5881172392410465,0.5881172392410465,0.5881172392410465
2012-03-16 12:52:30,0.5881172392410465,0.7827895565167876,0.7827895565167876,0.5744716917757241,0.6016570413827595,0.6016570413827595,0.5744716917757241,0.5744716917757241
2012-03-16 12:52:40,0.5744716917757241,0.6150755435963722,0.6150755435963722,0.6050236322841607,0.5778921193179443,0.5778921193179443,0.6050236322841607,0.6050236322841607
2012-03-16 12:52:50,0.6050236322841607,0.5778921193179443,0.5778921193179443,0.6184094262895733,0.5918893492614778,0.5918893492614778,0.6203551679666666,0.6203551679666666
2012-03-16 12:53:00,0.6203551679666666,0.5918893492614778,0.5918893492614778,0.6203551679666666,0.5918893492614778,0.5918893492614778,0.6203551679666666,0.6203551679666666
2012-03-16 12:53:10,0.6203551679666666,0.5041449317227821,0.510615788274029,0.5188999785445638,0.6810541355550666,0.8099416207069057,0.8099416207069057,0.8099416207069057
2012-03-16 12:53:20,0.8099416207069057,0.8385926022718765,0.8474818545387317,0.7672038311754703,0.864268351628859,0.9240318743622731,0.838592603621161,0.7196012845709422
2012-03-16 12:53:30,0.6941511262367164,0.7070044159872809,0.7070044159872809,0.6677270893636098,0.6541844929382543,0.7070044150390365,0.5547303612427245,0.5774619785030829
2012-03-16 12:53:40,0.6061931938474101,0.5483124513535813,0.5483124513535813,0.5629299237437424,0.5629299237437424,0.5629299237437424,0.5629299237437424,0.6203551679666666
2012-03-16 12:53:50,0.6203551679666666,0.6061931938474101,0.6061931938474101,0.6618153428553692,0.6481830352411629,0.6061931927867513,0.6061931927867513,0.6061931927867513
2012-03-16 12:54:00,0.6061931927867513,0.5774619774240235,0.5774619774240235,0.5918893481909256,0.5918893481909256,0.5483124491700146,0.5629299215714502,0.6061931927867513
2012-03-16 12:54:10,0.6061931927867513,0.5774619774240235,0.5774619774240235,0.6061931927867513,0.6061931927867513,0.6061931927867513,0.6061931927867513,0.6481830352411629
2012-03-16 12:54:20,0.6481830352411629,0.6481830352411629,0.6481830352411629,0.675238729030602,0.6343574945015766,0.6061931927867513,0.6061931927867513,0.6061931927867513
2012-03-16 12:54:30,0.6061931927867513,0.548312450261798,0.548312450261798,0.548312450261798,0.5041449295231843,0.5253619835250306,0.5188999774459402,0.548312450261798
2012-03-16 12:54:40,0.548312450261798,0.5400735102212344,0.5400735102212344,0.5188999752486927,0.5041449284233854,0.5041449284233854,0.5483124491700146,0.577461976344964
2012-03-16 12:54:50,0.577461976344964,0.5041449306229833,0.5041449306229833,0.59188935033203,0.5483124513535813,0.5483124513535813,0.5629299237437424,0.5629299237437424
2012-03-16 12:55:00,0.5649454199914791,0.5276784248072355,0.5276784248072355,0.5496170853036306,0.5032778399349463,0.5032778399349463,0.5496170853036306,0.5496170853036306
2012-03-16 12:55:10,0.5496170853036306,0.5431057244688737,0.5431057244688737,0.5496170853036306,0.5032778399349463,0.5032778399349463,0.5496170853036306,0.5496170853036306
2012-03-16 12:55:20,0.5496170853036306,0.5496170853036306,0.5496170853036306,0.6396970280758,0.5952889108291635,0.5952889108291635,0.6396970280758,0.6396970280758
2012-03-16 12:55:30,0.6396970280758,0.5801767540729874,0.5801767540729874,0.5801767540729874,0.5649454188527645,0.5649454188527645,0.6102602434335066,0.6102602434335066
2012-03-16 12:55:40,0.6102602434335066,0.6102602434335066,0.6102602434335066,0.6683279419175921,0.6683279419175921,0.6683279419175921,0.68229519655666,0.68229519655666
2012-03-16 12:55:50,0.68229519655666,0.68229519655666,0.68229519655666,0.68229519655666,0.68229519655666,0.68229519655666,0.68229519655666,0.68229519655666
2012-03-16 12:56:00,0.68229519655666,0.68229519655666,0.68229519655666,0.68229519655666,0.68229519655666,0.68229519655666,0.68229519655666,0.68229519655666
2012-03-16 12:56:10,0.68229519655666,0.68229519655666,0.68229519655666,0.68229519655666,0.68229519655666,0.68229519655666,0.68229519655666,0.68229519655666
2012-03-16 12:56:20,0.68229519655666,0.68229519655666,0.68229519655666,0.68229519655666,0.68229519655666,0.68229519655666,0.68229519655666,0.68229519655666
2012-03-16 12:56:30,0.68229519655666,0.68229519655666,0.68229519655666,0.68229519655666,0.68229519655666,0.68229519655666,0.68229519655666,0.68229519655666
2012-03-16 12:56:40,0.68229519655666,0.6250697201148095,0.6250697201148095,0.6250697201148095,0.8914378098397675,0.96536069352208,0.96536069352208,0.96536069352208
2012-03-16 12:56:50,0.96536069352208,0.96536069352208,0.96536069352208,0.9516729032752613,0.9589779395832154,0.9887703374463469,0.7671443306849757,0.5584683062975531
2012-03-16 12:57:00,0.5584683062975531,0.5584683062975531,0.5584683062975531,0.5584683062975531,0.5634482744574136,0.5634482744574136,0.5318252403431283,0.6840851591369633
2012-03-16 12:57:10,0.6840851591369633,0.6840851591369633,0.6840851591369633,0.6840851591369633,0.6840851591369633,0.6840851591369633,0.6840851591369633,0.6840851591369633
2012-03-16 12:57:20,0.6840851591369633,0.6840851591369633,0.6840851591369633,0.6840851591369633,0.6840851591369633,0.6840851591369633,0.6840851591369633,0.6840851591369633
2012-03-16 12:57:30,0.6840851591369633,0.6840851591369633,0.6840851591369633,0.6840851591369633,0.6840851591369633,0.6697502799432079,0.6697502799432079,0.6697502799432079
2012-03-16 12:57:40,0.6697502799432079,0.6697502799432079,0.6697502799432079,0.6697502799432079,0.6697502799432079,0.6697502799432079,0.6697502799432079,0.6840851591369633
2012-03-16 12:57:50,0.6840851591369633,0.6840851591369633,0.6840851591369633,0.6840851591369633,0.6840851591369633,0.6840851591369633,0.6840851591369633,0.6840851591369633
2012-03-16 12:58:00,0.6840851591369633,0.6840851591369633,0.6840851591369633,0.6840851591369633,0.6840851591369633,0.6697502799432079,0.6697502799432079,0.6697502799432079
2012-03-16 12:58:10,0.6697502799432079,0.6697502799432079,0.6697502799432079,0.6697502799432079,0.6697502799432079,0.6697502799432079,0.6697502799432079,0.6840851591369633
2012-03-16 12:58:20,0.6840851591369633,0.6253018261743792,0.6253018261743792,0.6253018261743792,0.6253018261743792,0.6253018315878655,0.6253018315878655,0.6253018315878655
2012-03-16 12:58:30,0.6253018315878655,0.6551618180654168,0.6551618180654168,0.5946707406990777,0.5946707406990777,0.884518700130808,0.884518700130808,0.7119232504641749
2012-03-16 12:58:40,0.7119232504641749,0.7385465416971271,0.7385465416971271,0.7119232504641749,0.7119232504641749,0.7119232504641749,0.7119232504641749,0.6551618128050812
2012-03-16 12:58:50,0.6551618128050812,0.6253018261743792,0.6253018261743792,0.6551618128050812,0.6551618128050812,0.6551618128050812,0.6551618128050812,0.6551618128050812
2012-03-16 12:59:00,0.6551618128050812,0.6551618128050812,0.6551618128050812,0.6840851591369633,0.6840851591369633,0.6840851591369633,0.6840851591369633,0.6840851591369633
2012-03-16 12:59:10,0.6903859168360302,0.660607049002409,0.660607049002409,0.660607049002409,0.660607049002409,0.6453172572563322,0.6140476265178857,0.6140476265178857
2012-03-16 12:59:20,0.6140476265178857,0.5820185848018975,0.5820185848018975,0.6140476265178857,0.5657830814891731,0.5657830814891731,0.533004288914275,0.5494358397567238
2012-03-16 12:59:30,0.5820185835970921,0.5494358397567238,0.5494358397567238,0.5820185835970921,0.5657830814891731,0.5657830814891731,0.5820185848018975,0.5820185848018975
2012-03-16 12:59:40,0.6140476265178857,0.5820185848018975,0.5820185848018975,0.6140476265178857,0.5981154858231967,0.5981154858231967,0.6140476265178857,0.6140476265178857
2012-03-16 12:59:50,0.6453172572563322,0.5820185848018975,0.5657830827033123,0.5981154858231967,0.5820185848018975,0.5657830827033123,0.5494358409781727,0.5494358409781727
2012-03-16 13:00:00,0.5494358409781727,0.5165162918050351,0.5000000029541878,0.5657830827033123,0.5820185848018975,0.5820185848018975,0.5820185848018975,0.5981154858231967
2012-03-16 13:00:10,0.6297896770501985,0.6297896770501985,0.6140476265178857,0.6453172572563322,0.6453172572563322,0.6297896770501985,0.6297896770501985,0.6297896770501985
2012-03-16 13:00:20,0.6453172572563322,0.7327596342201901,0.7462042934791489,0.7462042934791489,0.8682432503584872,0.8929483743967206,0.8851145759949908,0.8768813809147111
2012-03-16 13:00:30,0.8768813809147111,0.8851145759949908,0.8929483743967206,0.5981154975194454,0.7327596291455267,0.7462042885376022,0.5657830873170413,0.5165162952486334
2012-03-16 13:00:40,0.5165162952486334,0.5165162952486334,0.5330042935757231,0.5165162952486334,0.5000000004923646,0.5165162952486334,0.6453172572563322,0.660607049002409
2012-03-16 13:00:50,0.660607049002409,0.660607049002409,0.6453172572563322,0.6453172572563322,0.6453172572563322,0.6453172572563322,0.6453172572563322,0.660607049002409
2012-03-16 13:01:00,0.660607049002409,0.660607049002409,0.660607049002409,0.660607049002409,0.660607049002409,0.6297896770501985,0.6453172572563322,0.6453172572563322
2012-03-16 13:01:10,0.6453172572563322,0.6453172572563322,0.6453172572563322,0.6453172572563322,0.6501885014794627,0.6501885014794627,0.6659289899043207,0.6965275360985084
2012-03-16 13:01:20,0.6965275360985084,0.6965275360985084,0.6813828802293136,0.6813828802293136,0.6813828802293136,0.6813828802293136,0.6813828802293136,0.6813828802293136
2012-03-16 13:01:30,0.6813828802293136,0.6813828802293136,0.6659289899043207,0.6659289899043207,0.6813828802293136,0.6813828802293136,0.6813828802293136,0.6813828802293136
2012-03-16 13:01:40,0.6813828802293136,0.6813828802293136,0.6659289899043207,0.6659289899043207,0.6659289899043207,0.6659289899043207,0.6659289899043207,0.6659289899043207
2012-03-16 13:01:50,0.6659289899043207,0.6659289899043207,0.6501885014794627,0.6501885014794627,0.6659289899043207,0.6659289899043207,0.6813828802293136,0.6813828802293136
2012-03-16 13:02:00,0.6813828802293136,0.6813828802293136,0.6659289899043207,0.6659289899043207,0.6659289899043207,0.6659289899043207,0.6659289899043207,0.6659289899043207
2012-03-16 13:02:10,0.6659289899043207,0.6659289899043207,0.6501885014794627,0.6501885014794627,0.6659289899043207,0.6659289899043207,0.6501885014794627,0.6501885014794627
2012-03-16 13:02:20,0.6501885014794627,0.5848628106010592,0.5848628106010592,0.5848628106010592,0.8482316117048914,0.9605979445529087,0.9673652186480025,0.9673652186480025
2012-03-16 13:02:30,0.9605979445529087,0.9673652186480025,0.9673652186480025,0.9527306968276672,0.9641120867379586,0.9995868855616813,0.9839633876401408,0.9214229197660759
2012-03-16 13:02:40,0.9080707384814226,0.9080707384814226,0.9080707384814226,0.8931081117128958,0.9080707384814226,0.9080707384814226,0.9007955816499479,0.6014953798325489
2012-03-16 13:02:50,0.634185533177573,0.5511667976102015,0.5511667976102015,0.5511667976102015,0.7923289672039839,0.8043877287619117,0.8043877287619117,0.8043877287619117
2012-03-16 13:03:00,0.779841756854639,0.8271950027709343,0.8271950027709343,0.7669346151959627,0.7669346151959627,0.8482316154576698,0.5511667986212019,0.5341633977608491
2012-03-16 13:03:10,0.5000000007645471,0.5680767235667872,0.5680767235667872,0.5000000007645471,0.5000000007645471,0.5000000007645471,0.5000000007645471,0.6179455771935469
2012-03-16 13:03:20,0.6353939107065034,0.6353939107065034,0.6353939107065034,0.6982104714815125,0.6982104714815125,0.6982104714815125,0.6982104714815125,0.6982104714815125
2012-03-16 13:03:30,0.6982104714815125,0.6982104714815125,0.6982104714815125,0.6982104714815125,0.6190177225253559,0.5687084179148618,0.5687084179148618,0.5687084179148618
2012-03-16 13:03:40,0.5687084179148618,0.5687084179148618,0.5687084179148618,0.5687084179148618,0.5687084179148618,0.5516436549517011,0.6353939094951184,0.6829588358390997
2012-03-16 13:03:50,0.6829588358390997,0.6829588358390997,0.6829588358390997,0.6829588358390997,0.6829588358390997,0.6673898571078046,0.6673898571078046,0.6829588358390997
2012-03-16 13:04:00,0.6829588358390997,0.6829588358390997,0.6829588358390997,0.6829588358390997,0.6829588358390997,0.6829588358390997,0.6829588358390997,0.6982104714815125
2012-03-16 13:04:10,0.6982104714815125,0.6829588358390997,0.6829588358390997,0.6829588358390997,0.6190177212968391,0.5687084166477973,0.5687084166477973,0.5687084166477973
2012-03-16 13:04:20,0.5687084166477973,0.5516436536763054,0.5516436536763054,0.5687084166477973,0.5687084166477973,0.5687084166477973,0.6353939094951184,0.6829588358390997
2012-03-16 13:04:30,0.6829588358390997,0.6673898571078046,0.6673898571078046,0.6829588358390997,0.6829588358390997,0.6829588358390997,0.6829588358390997,0.6829588358390997
2012-03-16 13:04:40,0.6829588358390997,0.6673898571078046,0.6673898571078046,0.6829588358390997,0.5856458645486308,0.5856458645486308,0.5856458645486308,0.5856458645486308
2012-03-16 13:04:50,0.5856458645486308,0.5856458645486308,0.5856458645486308,0.6024255063309408,0.6024255063309408,0.6024255063309408,0.6982104714815125,0.6982104714815125
2012-03-16 13:05:00,0.6982104714815125,0.6829588358390997,0.6829588358390997,0.6829588358390997,0.6024255100616216,0.5687084191819264,0.5687084191819264,0.5687084191819264
2012-03-16 13:05:10,0.5687084191819264,0.5516436562270967,0.5516436562270967,0.5687084191819264,0.5172575307745448,0.5172575307745448,0.5516436562270967,0.5856458683179302
2012-03-16 13:05:20,0.5856458683179302,0.5856458683179302,0.5856458683179302,0.6024255100616216,0.5533240994400423,0.5178220262741338,0.6056997658282577,0.6056997658282577
2012-03-16 13:05:30,0.6227899587237786,0.6227899587237786,0.6227899587237786,0.6227899587237786,0.5709338895911147,0.5709338895911147,0.6227899587237786,0.6562288707599223
2012-03-16 13:05:40,0.6562288707599223,0.6396429462807347,0.6396429462807347,0.6396429462807347,0.6396429462807347,0.6056997658282577,0.6562288719850075,0.6562288719850075
2012-03-16 13:05:50,0.6562288719850075,0.6396429475267928,0.6396429475267928,0.6562288719850075,0.6562288719850075,0.6562288719850075,0.6562288719850075,0.6884878936458778
2012-03-16 13:06:00,0.6884878936458778,0.6725194057482349,0.6725194057482349,0.6884878936458778,0.6725194057482349,0.6562288719850075,0.6562288719850075,0.6562288719850075
2012-03-16 13:06:10,0.6562288719850075,0.6396429475267928,0.6396429475267928,0.6562288719850075,0.6227899599886404,0.6227899599886404,0.6396429475267928,0.6562288719850075
2012-03-16 13:06:20,0.6562288719850075,0.6396429475267928,0.6396429475267928,0.6562288719850075,0.6562288719850075,0.6396429475267928,0.6725194057482349,0.6725194057482349
2012-03-16 13:06:30,0.6725194057482349,0.6725194057482349,0.6725194057482349,0.6884878936458778,0.6884878936458778,0.6884878936458778,0.6884878936458778,0.7041094795207858
2012-03-16 13:06:40,0.7041094795207858,0.7041094795207858,0.7041094795207858,0.7041094795207858,0.7041094795207858,0.7041094795207858,0.7041094795207858,0.7041094795207858
2012-03-16 13:06:50,0.7041094795207858,0.7041094795207858,0.7041094795207858,0.7041094795207858,0.7041094795207858,0.6884878936458778,0.6725194057482349,0.6725194057482349
2012-03-16 13:07:00,0.6725194057482349,0.6056997671096451,0.6056997671096451,0.6056997671096451,0.8862026325240709,0.9630734871230004,0.9665399973261717,0.9630734871230004
2012-03-16 13:07:10,0.9593187583906178,0.9630734871230004,0.9630734871230004,0.9461667375091998,0.9461667375091998,0.9753665803186338,0.6884878887019781,0.5356085061505209
2012-03-16 13:07:20,0.5533240994400423,0.5178220262741338,0.5178220262741338,0.5356085061505209,0.5178220262741338,0.5533241057587783,0.5533241057587783,0.5884035998420892
2012-03-16 13:07:30,0.5900989827504117,0.554358035404658,0.554358035404658,0.5900989827504117,0.5900989827504117,0.5900989827504117,0.607711569264164,0.6756608966025177
2012-03-16 13:07:40,0.6756608966025177,0.659111438382018,0.659111438382018,0.691870435513141,0.691870435513141,0.6422499611250844,0.6422499611250844,0.6422499611250844
2012-03-16 13:07:50,0.6422499611250844,0.590098980111379,0.590098980111379,0.6077115666550881,0.5723026808706088,0.5000000059584847,0.5000000059584847,0.5543580340630472
2012-03-16 13:08:00,0.5543580340630472,0.5181694887827124,0.5181694887827124,0.5723026835344076,0.5723026835344076,0.5000000032500826,0.5000000032500826,0.5723026835344076
2012-03-16 13:08:10,0.5723026835344076,0.5723026835344076,0.5723026835344076,0.607711569264164,0.607711569264164,0.607711569264164,0.5723026835344076,0.6422499623922582
2012-03-16 13:08:20,0.6756608966025177,0.6422499623922582,0.6422499623922582,0.6422499623922582,0.6422499623922582,0.5900989814308953,0.5723026822025081,0.5723026822025081
2012-03-16 13:08:30,0.6077115679596261,0.6077115679596261,0.6077115679596261,0.6422499611250844,0.6422499611250844,0.6422499611250844,0.6422499611250844,0.691870435513141
2012-03-16 13:08:40,0.7077141216235249,0.6756608966025177,0.6756608966025177,0.6756608966025177,0.6756608966025177,0.6756608966025177,0.6756608966025177,0.6756608966025177
2012-03-16 13:08:50,0.6756608966025177,0.659111438382018,0.659111438382018,0.691870435513141,0.6756608966025177,0.6756608966025177,0.6756608966025177,0.6756608966025177
2012-03-16 13:09:00,0.6756608966025177,0.6422499623922582,0.6422499623922582,0.659111438382018,0.659111438382018,0.6422499623922582,0.659111438382018,0.659111438382018
2012-03-16 13:09:10,0.659111438382018,0.6077115679596261,0.6077115679596261,0.6422499611250844,0.554358035404658,0.5000000046042836,0.53630132243833,0.5181694979817275
2012-03-16 13:09:20,0.5181694979817275,0.5543580431860007,0.5543580431860007,0.5000000032500826,0.5000000032500826,0.5363013210897392,0.536301313267912,0.5900989827504117
2012-03-16 13:09:30,0.6251062021634308,0.7939143481833071,0.7939143481833071,0.7669865523339128,0.8596059136531029,0.8794692023631683,0.8886217288715501,0.8697995254694301
2012-03-16 13:09:40,0.8596059136531029,0.9054115519060454,0.9054115519060454,0.555938821784694,0.57439469216833,0.57439469216833,0.5187009434938541,0.5559388220607169
2012-03-16 13:09:50,0.5743946924422367,0.5743946924422367,0.5743946924422367,0.6635026317952348,0.6635026317952348,0.628640373506495,0.628640373506495,0.628640373506495
2012-03-16 13:10:00,0.6635026317952348,0.6635026317952348,0.6635026317952348,0.6635026317952348,0.5187009421015462,0.5187009487846245,0.5743946990159983,0.5373608249208301
2012-03-16 13:10:10,0.5187009501769324,0.8697995239896443,0.8697995239896443,0.8697995239896443,0.9967341561773854,0.9996905863434181,0.9991606213069422,0.9988484471824775
2012-03-16 13:10:20,0.9981777479595165,0.9984330554514304,0.9984330554514304,0.9696545044584971,0.9755536970628044,0.9984330553449818,0.9269850318219028,0.7734617562195363
2012-03-16 13:10:30,0.7442516415963126,0.7442516415963126,0.7442516415963126,0.7289417098090861,0.787329490684535,0.787329490684535,0.787329490684535,0.5743946910727031
2012-03-16 13:10:40,0.6107832315246348,0.6107832315246348,0.6107832315246348,0.6107832315246348,0.6107832315246348,0.6107832315246348,0.6462247948330304,0.6462247948330304
2012-03-16 13:10:50,0.6804419459888063,0.6804419459888063,0.6804419459888063,0.6804419459888063,0.6635026317952348,0.6635026317952348,0.6462247948330304,0.6462247948330304
2012-03-16 13:11:00,0.6804419459888063,0.6804419459888063,0.6804419459888063,0.6804419459888063,0.5000000005575359,0.5187009460000085,0.5187009460000085,0.5187009460000085
2012-03-16 13:11:10,0.5000000005575359,0.5187009460000085,0.5187009460000085,0.5187009460000085,0.574394696276931,0.574394696276931,0.5926889636177499,0.6107832301848883
2012-03-16 13:11:20,0.6286403721857621,0.5926889636177499,0.5926889636177499,0.6107832301848883,0.5926889636177499,0.5926889636177499,0.6107832315246348,0.6107832315246348
2012-03-16 13:11:30,0.628640373506495,0.9391268861698827,0.9391268861698827,0.9269850376363711,0.9993931724619899,0.999966394296657,0.999966394296657,0.999966394296657
2012-03-16 13:11:40,0.9999300696471622,0.9999730268458736,0.9999730268458736,0.9861834626841247,0.999227329074429,0.9999957224021175,0.9977783109760767,0.9826004087473094
2012-03-16 13:11:50,0.9805291766909005,0.999951940085045,0.999951940085045,0.9998790852514995,0.9999851327684891,0.999987859172351,0.9995228848088291,0.9782521564174707
2012-03-16 13:12:00,0.9700320599698207,0.9700320599698207,0.9700320599698207,0.5182988554248538,0.5182988554248538,0.5365592272856581,0.6432188698099828,0.6601822611989686
2012-03-16 13:12:10,0.6768273033367918,0.6768273033367918,0.6768273033367918,0.6768273033367918,0.6768273033367918,0.6768273033367918,0.6432188698099828,0.6601822611989686
2012-03-16 13:12:20,0.6768273033367918,0.6768273033367918,0.6768273033367918,0.6768273033367918,0.6768273033367918,0.6601822611989686,0.6601822611989686,0.6601822611989686
2012-03-16 13:12:30,0.6931256262162743,0.6931256262162743,0.6931256262162743,0.6931256262162743,0.6931256262162743,0.6768273033367918,0.6601822611989686,0.6768273033367918
2012-03-16 13:12:40,0.6768273033367918,0.6768273033367918,0.6768273033367918,0.6768273033367918,0.6768273033367918,0.6601822611989686,0.6432188698099828,0.6601822611989686
2012-03-16 13:12:50,0.6768273033367918,0.6768273033367918,0.6768273033367918,0.6768273033367918,0.6768273033367918,0.6601822611989686,0.6259673934313998,0.6432188698099828
2012-03-16 13:13:00,0.6601822611989686,0.6601822611989686,0.6601822611989686,0.6601822611989686,0.6432188698099828,0.6259673934313998,0.6084598321561788,0.6259673934313998
2012-03-16 13:13:10,0.6601822611989686,0.7396877797829059,0.7396877797829059,0.7396877797829059,0.7396877797829059,0.7543578777598244,0.7396877797829059,0.7245789166008019
2012-03-16 13:13:20,0.7090508864952858,0.7543578788360442,0.7543578788360442,0.6432188685349927,0.6084598308430484,0.590729744752436,0.590729744752436,0.6084598308430484
2012-03-16 13:13:30,0.6084598308430484,0.590729744752436,0.590729744752436,0.6432188698099828,0.6432188698099828,0.6259673934313998,0.6601822611989686,0.6768273033367918
2012-03-16 13:13:40,0.6768273033367918,0.6768273033367918,0.6768273033367918,0.6931256262162743,0.6874817403380032,0.6715854517401574,0.6715854517401574,0.6874817403380032
2012-03-16 13:13:50,0.6874817403380032,0.6874817403380032,0.6874817403380032,0.6874817403380032,0.6874817403380032,0.6715854517401574,0.6715854517401574,0.6874817403380032
2012-03-16 13:14:00,0.6874817403380032,0.6874817403380032,0.6874817403380032,0.6874817403380032,0.6874817403380032,0.6715854517401574,0.6715854517401574,0.6874817403380032
2012-03-16 13:14:10,0.6874817403380032,0.6874817403380032,0.6874817403380032,0.6874817403380032,0.6874817403380032,0.6553723081579781,0.6553723081579781,0.6715854517401574
2012-03-16 13:14:20,0.6715854517401574,0.6715854517401574,0.6715854517401574,0.6715854517401574,0.6553723081579781,0.6388685986874586,0.6388685986874586,0.6715854517401574
2012-03-16 13:14:30,0.6715854517401574,0.6715854517401574,0.6715854517401574,0.6715854517401574,0.5530174266370897,0.6221022394083682,0.6388685984395059,0.6221022394083682
2012-03-16 13:14:40,0.6221022394083682,0.6221022394083682,0.6221022394083682,0.6221022394083682,0.7614183672424981,0.8759891363301784,0.8128884277485879,0.6715854491078895
2012-03-16 13:14:50,0.6388685959599802,0.6388685959599802,0.6388685959599802,0.6388685959599802,0.6388685959599802,0.6715854491078895,0.5354030413233709,0.6388685986874586
2012-03-16 13:15:00,0.6553723081579781,0.6388685986874586,0.6388685986874586,0.6388685986874586,0.6051026356639928,0.5530174214013978,0.5354030363248568,0.570527820295775
2012-03-16 13:15:10,0.5879005252424638,0.570527820295775,0.570527820295775,0.5879005252424638,0.5705278226356146,0.6388685996792689,0.6388685996792689,0.5879005262731959
2012-03-16 13:15:20,0.5705278213357038,0.747435994940657,0.747435994940657,0.7330334815403348,0.7330334815403348,0.8465809594665414,0.747435994940657,0.6874817412755563
2012-03-16 13:15:30,0.6553723091332858,0.7182274600954575,0.7182274600954575,0.5354030373771754,0.5354030373771754,0.5705278213357038,0.5705278213357038,0.5879005265308788
2012-03-16 13:15:40,0.6051026356639928,0.6051026356639928,0.6051026356639928,0.6715854517401574,0.6553723081579781,0.6388685986874586,0.6221022396600189,0.6553723081579781
2012-03-16 13:15:50,0.6585762918434132,0.6417658396925088,0.6417658396925088,0.6417658396925088,0.6073378096157103,0.5897839529628939,0.5720483030470415,0.5897839529628939
2012-03-16 13:16:00,0.6073378096157103,0.6073378096157103,0.6073378096157103,0.6246759723687254,0.6246759723687254,0.5897839529628939,0.6073378096157103,0.6246759723687254
2012-03-16 13:16:10,0.6585762918434132,0.7224623658789584,0.7224623658789584,0.7224623658789584,0.7374716239971024,0.7798727513741222,0.793081895425324,0.7661926857183277
2012-03-16 13:16:20,0.7520540737654953,0.9897014797375058,0.9897014797375058,0.9060031823623909,0.9771148504787376,0.9957692221611328,0.9957692221611328,0.9937354653270911
2012-03-16 13:16:30,0.9928865743899867,0.9999901116975771,0.999,0.9957692226246092,0.9996689846020633,0.9999852052273849,0.9998007177988998,0.9981664467829565
2012-03-16 13:16:40,0.9978822275410658,0.9999985372264303,0.999,0.9978822275410658,0.9999971844236865,0.999,0.9999527342172114,0.9991332357563549
2012-03-16 13:16:50,0.9989892456957815,0.9996094985698873,0.9996094985698873,0.938648522762295,0.938648522762295,0.9975586091090713,0.8810683203009626,0.8620439509523843
2012-03-16 13:17:00,0.8620439509523843,0.9489044465055037,0.9489044465055037,0.9133908926982857,0.9133908926982857,0.9133908926982857,0.9133908926982857,0.5361725479402086
2012-03-16 13:17:10,0.5361725479402086,0.5897839658505295,0.5720483160547575,0.6417658384292467,0.5897839503327641,0.5897839503327641,0.5897839503327641,0.5897839503327641
2012-03-16 13:17:20,0.5720483003924055,0.8810683243351358,0.8718010971281147,0.8410427641496887,0.9203357298707819,0.9329501491352987,0.9133908910969692,0.9133908910969692
2012-03-16 13:17:30,0.9203357293695296,0.999258141862477,0.9991332357863157,0.9616794137334839,0.9998323822605762,0.9998592898041122,0.9995402136741136,0.9993662702703417
2012-03-16 13:17:40,0.9994596818989948,0.9999997662123998,0.999,0.9993662702703417,0.999998537226599,0.999,0.9981664469216764,0.9978822276991817
2012-03-16 13:17:50,0.9975586095201634,0.9975586095201634,0.9971908893432713,0.8410427682470059,0.8926903790244775,0.8926903790244775,0.5278617590559189,0.5441364363677877
2012-03-16 13:18:00,0.5278617590559189,0.7209055653621437,0.7069751505363497,0.7069751505363497,0.7069751505363497,0.7345058661127019,0.5858391548218839,0.5858391548218839
2012-03-16 13:18:10,0.6017266680081097,0.9136936417295594,0.9070643849042206,0.7477616187962741,0.7606598869182303,0.7853399259221505,0.7853399259221505,0.7606598869182303
2012-03-16 13:18:20,0.7731892740550719,0.7853399259221505,0.7731892740550719,0.6393217449052757,0.5764378937765642,0.5441364339474968,0.5603373805955059,0.592411771930446
2012-03-16 13:18:30,0.5764378937765642,0.8767789851959724,0.8682315302763215,0.8592835467922959,0.8767789851959724,0.9682324913081235,0.9546361360214168,0.946262055544562
2012-03-16 13:18:40,0.9505905776772885,0.9905374004134836,0.9894457101855438,0.8300120827282544,0.8401749942298082,0.9136936417295594,0.9000660198650134,0.7209055653621437
2012-03-16 13:18:50,0.7345058661127019,0.9854873831525177,0.9839104710385295,0.9258812718393343,0.9984691105446162,0.999497603545124,0.9994193464718306,0.9980087066625952
2012-03-16 13:19:00,0.9982526606006792,0.9984691106204797,0.9982526606006792,0.9136936407687888,0.9136936407687888,0.9136936407687888,0.5603373805955059,0.684222564707757
2012-03-16 13:19:10,0.6695152964518462,0.6482915091919741,0.6329767010722362,0.6174472885498993,0.6174472885498993,0.6482915091919741,0.6482915091919741,0.6482915091919741
2012-03-16 13:19:20,0.6633693590616888,0.9367082150013117,0.9314595231129232,0.7477616187962741,0.8401749905194276,0.868231540051976,0.868231540051976,0.849931980552104
2012-03-16 13:19:30,0.8592835570175144,0.9882458824186057,0.9869294130683344,0.8682315439622377,0.9736491746661209,0.9957776382680058,0.9894457113792229,0.9854873856241281
2012-03-16 13:19:40,0.9869294127603884,0.9882458821377119,0.9869294127603884,0.8499319784165993,0.8767789932821339,0.8849301598020244,0.648291518251858,0.6238780833442364
2012-03-16 13:19:50,0.6082334413285345,0.5441364327373515,0.560337379391854,0.5764378925813782,0.9199627327577959,0.9619270642768175,0.9505905807953732,0.9462620588779724
2012-03-16 13:20:00,0.941129901531371,0.9992288671666183,0.9991156592772129,0.9984930941262535,0.9999975451172887,0.999,0.9989873490972265,0.9967944892862021
2012-03-16 13:20:10,0.9967944892862021,0.9992288671112259,0.9991156592143797,0.9362796721521203,0.9989873492903734,0.9994933036307321,0.9539575238397027,0.9456855678358368
2012-03-16 13:20:20,0.9456855678358368,0.9702706193954493,0.9702706193954493,0.9256527953492086,0.9256527953492086,0.9411299022318935,0.5008398792664441,0.5785478408004685
2012-03-16 13:20:30,0.5785478408004685,0.5785478408004685,0.5785478408004685,0.6838809595164779,0.6710204216842576,0.7132497713167724,0.7132497713167724,0.6710204216842576
2012-03-16 13:20:40,0.6710204216842576,0.6853774450224844,0.6853774450224844,0.6853774450224844,0.6853774450224844,0.6853774450224844,0.6694960659637221,0.7118144328138026
2012-03-16 13:20:50,0.7118144328138026,0.6694960659637221,0.6694960659637221,0.6838809595164779,0.5469922527156043,0.9004168252422458,0.9004168252422458,0.9004168252422458
2012-03-16 13:21:00,0.9004168252422458,0.9935340870826693,0.9935340870826693,0.9909964024171602,0.9998867001768166,0.9998867001768166,0.9996199031529697,0.9752870829080558
2012-03-16 13:21:10,0.9752870829080558,0.9752870829080558,0.9752870829080558,0.7773246129495757,0.7773246129495757,0.7773246129495757,0.6838809605782811,0.6838809605782811
2012-03-16 13:21:20,0.6979927517287734,0.5151369219042019,0.5151369219042019,0.5151369219042019,0.5327638590278362,0.5486599344466848,0.5486599344466848,0.5486599344466848
2012-03-16 13:21:30,0.5168153511830089,0.64155508694614,0.6564065629054189,0.531089468172099,0.515136925473538,0.5327638554679813,0.5168153464246968,0.500839884028977
2012-03-16 13:21:40,0.500839884028977,0.5644783464501433,0.5801942497999231,0.5469922468037731,0.5327638566545996,0.5801942532994185,0.5644783499752958,0.5168153488038529
2012-03-16 13:21:50,0.5151369230939806,0.5486599320831486,0.564478348800245,0.5008398864102432,0.5151369230939806,0.5327638578412179,0.5469922456214068,0.5941513271028552
2012-03-16 13:22:00,0.5941513271028552,0.531089468172099,0.515136925473538,0.5785478372980206,0.6064486545229734,0.5302999133007226,0.5302999133007226,0.5763068633884929
2012-03-16 13:22:10,0.5914453849990804,0.5763068633884929,0.5457116495807828,0.6064486567474985,0.6212955101284798,0.5763068622560841,0.5610548590209865,0.6359654634965393
2012-03-16 13:22:20,0.6359654634965393,0.6212955079288068,0.5914453827528081,0.6064486545229734,0.6359654634965393,0.576306861123675,0.576306861123675,0.6212955090286434
2012-03-16 13:22:30,0.6359654645824516,0.6212955090286434,0.5914453838759441,0.606448655635236,0.6359654645824516,0.5763068622560841,0.5610548590209865,0.6212955090286434
2012-03-16 13:22:40,0.6212955090286434,0.6212955090286434,0.5914453838759441,0.606448655635236,0.6359654645824516,0.6359654645824516,0.6359654645824516,0.69249539061971
2012-03-16 13:22:50,0.7060033483924433,0.6787212139966657,0.6504388160911574,0.6504388160911574,0.6787212139966657,0.6787212139966657,0.6787212139966657,0.6787212139966657
2012-03-16 13:23:00,0.6787212139966657,0.6787212139966657,0.6504388160911574,0.6787212139966657,0.6787212139966657,0.6787212139966657,0.6787212139966657,0.6787212139966657
2012-03-16 13:23:10,0.6787212139966657,0.6787212139966657,0.6646967092256313,0.6646967092256313,0.69249539061971,0.69249539061971,0.7192302972657058,0.7192302972657058
2012-03-16 13:23:20,0.7192302972657058,0.7192302972657058,0.7060033483924433,0.7060033483924433,0.7192302972657058,0.7192302972657058,0.7192302972657058,0.7192302972657058
2012-03-16 13:23:30,0.7192302972657058,0.6787212129608803,0.6646967081718131,0.6646967081718131,0.6359654624106269,0.6064486534107107,0.6064486534107107,0.6064486534107107
2012-03-16 13:23:40,0.6064486534107107,0.5610548556008668,0.5457116449968034,0.591445381629672,0.6064486534107107,0.591445381629672,0.6359654634965393,0.6646967081718131
2012-03-16 13:23:50,0.6646967081718131,0.8344378507063392,0.8344378507063392,0.8038409777100699,0.8144009384040046,0.9399083745806798,0.9399083745806798,0.9351384449833664
2012-03-16 13:24:00,0.9351384449833664,0.9820186002290254,0.9820186002290254,0.7580926644881611,0.9190581289694004,0.9399083769947424,0.9300796482847178,0.7929246029730983
2012-03-16 13:24:10,0.7972324499614738,0.9381335284012448,0.9381335284012448,0.8288665795087775,0.8896824050260805,0.8969114166246079,0.7111103748336898,0.6552028606869398
2012-03-16 13:24:20,0.6552028606869398,0.6552028606869398,0.6552028606869398,0.6210007215361116,0.605959612754268,0.5907587620793109,0.6930949426457522,0.7067616148448309
2012-03-16 13:24:30,0.7067616148448309,0.7067616148448309,0.7067616148448309,0.7067616148448309,0.6791545117118556,0.6649567879002094,0.6791545117118556,0.6930949426457522
2012-03-16 13:24:40,0.6930949426457522,0.6791545117118556,0.6505193426185615,0.6505193426185615,0.6505193426185615,0.6358607902771936,0.6505193426185615,0.6649567879002094
2012-03-16 13:24:50,0.6649567879002094,0.6649567879002094,0.6649567879002094,0.6791545117118556,0.7067616148448309,0.7067616148448309,0.7067616148448309,0.7201392226564092
2012-03-16 13:25:00,0.7332136671228527,0.7332136671228527,0.7332136671228527,0.7332136671228527,0.7332136671228527,0.7332136671228527,0.7332136671228527,0.7332136671228527
2012-03-16 13:25:10,0.7332136671228527,0.7332136671228527,0.7332136671228527,0.7332136671228527,0.7201392226564092,0.7201392226564092,0.7201392226564092,0.7201392226564092
2012-03-16 13:25:20,0.7201392226564092,0.7201392226564092,0.7201392226564092,0.7201392226564092,0.7067616148448309,0.7067616148448309,0.7201392226564092,0.7201392226564092
2012-03-16 13:25:30,0.7201392226564092,0.7201392226564092,0.7201392226564092,0.7201392226564092,0.7201392226564092,0.7201392226564092,0.7332136671228527,0.7332136671228527
2012-03-16 13:25:40,0.7332136671228527,0.7332136671228527,0.7332136671228527,0.7332136671228527,0.7332136671228527,0.7332136671228527,0.7332136671228527,0.7332136671228527
2012-03-16 13:25:50,0.7332136671228527,0.7332136671228527,0.7332136671228527,0.7332136671228527,0.7332136671228527,0.7332136671228527,0.7332136671228527,0.7332136671228527
2012-03-16 13:26:00,0.7332136671228527,0.7067616148448309,0.7067616148448309,0.7067616148448309,0.5907587586654315,0.5907587586654315,0.5907587586654315,0.5907587586654315
2012-03-16 13:26:10,0.5907587586654315,0.5907587586654315,0.5907587586654315,0.6210007181936155,0.6166949525201437,0.6166949525201437,0.7309078495521233,0.7309078495521233
2012-03-16 13:26:20,0.7309078495521233,0.6900634105665111,0.6900634105665111,0.6900634105665111,0.6758720497812449,0.6758720497812449,0.6758720497812449,0.6758720497812449
2012-03-16 13:26:30,0.6758720497812449,0.6614204213055563,0.6614204213055563,0.7039770892093895,0.5719385118610374,0.6029533213738714,0.5875142298875573,0.5875142298875573
2012-03-16 13:26:40,0.5875142298875573,0.5875142298875573,0.5875142298875573,0.5719385118610374,0.6029533213738714,0.6029533213738714,0.675872050848503,0.7039770892093895
2012-03-16 13:26:50,0.7039770892093895,0.675872050848503,0.675872050848503,0.675872050848503,0.675872050848503,0.675872050848503,0.7039770892093895,0.7039770892093895
2012-03-16 13:27:00,0.6900634116137143,0.6900634116137143,0.6900634116137143,0.717596881146256,0.7039770892093895,0.6166949502536265,0.6166949502536265,0.6166949502536265
2012-03-16 13:27:10,0.6013983753431078,0.6013983753431078,0.6166949502536265,0.6166949502536265,0.6166949502536265,0.5703561727287447,0.5859444009572609,0.6758720497812449
2012-03-16 13:27:20,0.6614204213055563,0.6614204213055563,0.6758720497812449,0.6758720497812449,0.6166949513868851,0.5388725634448435,0.5388725634448435,0.5859444055840756
2012-03-16 13:27:30,0.5703561773920567,0.5703561773920567,0.5859444055840756,0.5859444055840756,0.5388725634448435,0.5388725634448435,0.6013983776347682,0.6758720497812449
2012-03-16 13:27:40,0.6614204213055563,0.6614204213055563,0.6758720497812449,0.6758720497812449,0.6758720497812449,0.6758720497812449,0.717596881146256,0.717596881146256
2012-03-16 13:27:50,0.7039770892093895,0.6900634116137143,0.7039770892093895,0.7039770892093895,0.7039770892093895,0.7039770892093895,0.7039770892093895,0.7039770892093895
2012-03-16 13:28:00,0.6900634116137143,0.6900634116137143,0.7039770892093895,0.717596881146256,0.717596881146256,0.6900634116137143,0.6900634116137143,0.6900634116137143
2012-03-16 13:28:10,0.675872050848503,0.675872050848503,0.6900634116137143,0.6900634116137143,0.6900634116137143,0.6900634116137143,0.6900634116137143,0.717596881146256
2012-03-16 13:28:20,0.7019943950618647,0.7019943950618647,0.7019943950618647,0.7019943950618647,0.6733293733845811,0.6733293733845811,0.6733293733845811,0.6733293733845811
2012-03-16 13:28:30,0.6733293733845811,0.8792556076953738,0.8709227212094026,0.8709227212094026,0.9951889618332608,0.9957261432180841,0.994592385754447,0.994592385754447
2012-03-16 13:28:40,0.994592385754447,0.9992009751263147,0.9992009751263147,0.9377140668965489,0.9989483427666789,0.999884698631724,0.9855197227335025,0.9839640386985014
2012-03-16 13:28:50,0.9839640386985014,0.991496883098988,0.991496883098988,0.9623738315383191,0.9966424541241709,0.997965050548801,0.9087855402073675,0.7659775963195348
2012-03-16 13:29:00,0.7659775963195348,0.7782135894513424,0.7782135894513424,0.6995525604435087,0.6995525604435087,0.7271227269948302,0.6283911983865247,0.6878040036218913
2012-03-16 13:29:10,0.6878040036218913,0.6878040036218913,0.6878040036218913,0.7019943950618647,0.7019943950618647,0.7019943950618647,0.7019943950618647,0.7294548994377639
2012-03-16 13:29:20,0.7294548994377639,0.7294548994377639,0.7294548994377639,0.7294548994377639,0.7294548994377639,0.7294548994377639,0.7294548994377639,0.7294548994377639
2012-03-16 13:29:30,0.7294548994377639,0.7294548994377639,0.7294548994377639,0.7294548994377639,0.71588332118561,0.6878040036218913,0.6878040036218913,0.6878040036218913
2012-03-16 13:29:40,0.6878040036218913,0.6878040036218913,0.6878040036218913,0.6878040036218913,0.6878040036218913,0.6585890172690163,0.6733293733845811,0.7019943950618647
2012-03-16 13:29:50,0.7019943950618647,0.6585890161613579,0.6585890161613579,0.6585890161613579,0.6585890161613579,0.6585890161613579,0.6585890161613579,0.6878040025538139
2012-03-16 13:30:00,0.6878040025538139,0.6585890161613579,0.6585890161613579,0.7019943950618647,0.6878040036218913,0.6585890172690163,0.6585890172690163,0.6585890172690163
